locate,symbol,rank,add_count,first_add_price_usd,market_category,issue_classification,scope
14,AAPL,0,611614,189.86,Q,C,UNIVERSE_PROXY_SCOPE_NOT_UNIVERSE_MEMBERSHIP
386,AMZN,1,188074,1923.81,Q,C,UNIVERSE_PROXY_SCOPE_NOT_UNIVERSE_MEMBERSHIP
1142,BYND,2,163167,209.07,Q,C,UNIVERSE_PROXY_SCOPE_NOT_UNIVERSE_MEMBERSHIP
2741,FB,3,357910,212.5,Q,C,UNIVERSE_PROXY_SCOPE_NOT_UNIVERSE_MEMBERSHIP
5498,NFLX,4,162966,339.39,Q,C,UNIVERSE_PROXY_SCOPE_NOT_UNIVERSE_MEMBERSHIP
337,AMD,5,439847,35.5,Q,C,UNIVERSE_PROXY_SCOPE_NOT_UNIVERSE_MEMBERSHIP
3459,GOOG,6,370500,1241.0,Q,C,UNIVERSE_PROXY_SCOPE_NOT_UNIVERSE_MEMBERSHIP
7928,TSLA,7,206425,238.88,Q,C,UNIVERSE_PROXY_SCOPE_NOT_UNIVERSE_MEMBERSHIP
5289,MSFT,8,567984,1.01,Q,C,UNIVERSE_PROXY_SCOPE_NOT_UNIVERSE_MEMBERSHIP
3460,GOOGL,9,325952,1230.0,Q,C,UNIVERSE_PROXY_SCOPE_NOT_UNIVERSE_MEMBERSHIP
6474,PYPL,10,242929,121.0,Q,C,UNIVERSE_PROXY_SCOPE_NOT_UNIVERSE_MEMBERSHIP
2884,FISV,11,173991,104.27,Q,C,UNIVERSE_PROXY_SCOPE_NOT_UNIVERSE_MEMBERSHIP
5334,MU,12,553525,49.5,Q,C,UNIVERSE_PROXY_SCOPE_NOT_UNIVERSE_MEMBERSHIP
91,ADBE,13,111732,307.0,Q,C,UNIVERSE_PROXY_SCOPE_NOT_UNIVERSE_MEMBERSHIP
5702,NVDA,14,244229,1.01,Q,C,UNIVERSE_PROXY_SCOPE_NOT_UNIVERSE_MEMBERSHIP
4106,ILMN,15,50521,291.78,Q,C,UNIVERSE_PROXY_SCOPE_NOT_UNIVERSE_MEMBERSHIP
4184,INTC,16,385610,50.46,Q,C,UNIVERSE_PROXY_SCOPE_NOT_UNIVERSE_MEMBERSHIP
6494,QCOM,17,266627,1.01,Q,C,UNIVERSE_PROXY_SCOPE_NOT_UNIVERSE_MEMBERSHIP
7450,SSNC,18,102916,56.19,Q,C,UNIVERSE_PROXY_SCOPE_NOT_UNIVERSE_MEMBERSHIP
1428,CHTR,19,41152,385.79,Q,C,UNIVERSE_PROXY_SCOPE_NOT_UNIVERSE_MEMBERSHIP
7991,TXN,20,191375,88.0,Q,C,UNIVERSE_PROXY_SCOPE_NOT_UNIVERSE_MEMBERSHIP
2263,EA,21,112556,97.84,Q,C,UNIVERSE_PROXY_SCOPE_NOT_UNIVERSE_MEMBERSHIP
6964,SBUX,22,213685,95.0,Q,C,UNIVERSE_PROXY_SCOPE_NOT_UNIVERSE_MEMBERSHIP
6089,PEP,23,187863,132.1,Q,C,UNIVERSE_PROXY_SCOPE_NOT_UNIVERSE_MEMBERSHIP
5736,NXPI,24,98904,104.5,Q,C,UNIVERSE_PROXY_SCOPE_NOT_UNIVERSE_MEMBERSHIP
8496,WDAY,25,57612,225.0,Q,C,UNIVERSE_PROXY_SCOPE_NOT_UNIVERSE_MEMBERSHIP
2686,EXAS,26,63194,117.0,S,C,UNIVERSE_PROXY_SCOPE_NOT_UNIVERSE_MEMBERSHIP
280,ALGN,27,60045,210.0,Q,C,UNIVERSE_PROXY_SCOPE_NOT_UNIVERSE_MEMBERSHIP
3339,GILD,28,152527,67.79,Q,C,UNIVERSE_PROXY_SCOPE_NOT_UNIVERSE_MEMBERSHIP
2698,EXPE,29,89465,151.88,Q,C,UNIVERSE_PROXY_SCOPE_NOT_UNIVERSE_MEMBERSHIP
7810,TMUS,30,160417,84.8,Q,C,UNIVERSE_PROXY_SCOPE_NOT_UNIVERSE_MEMBERSHIP
6779,ROKU,31,115482,105.2,Q,C,UNIVERSE_PROXY_SCOPE_NOT_UNIVERSE_MEMBERSHIP
869,BIIB,32,44733,220.0,Q,C,UNIVERSE_PROXY_SCOPE_NOT_UNIVERSE_MEMBERSHIP
1740,CSCO,33,252502,51.5,Q,C,UNIVERSE_PROXY_SCOPE_NOT_UNIVERSE_MEMBERSHIP
342,AMGN,34,71636,1.01,Q,C,UNIVERSE_PROXY_SCOPE_NOT_UNIVERSE_MEMBERSHIP
8794,ZBRA,35,28426,200.3,Q,C,UNIVERSE_PROXY_SCOPE_NOT_UNIVERSE_MEMBERSHIP
908,BKNG,36,23677,1919.55,Q,C,UNIVERSE_PROXY_SCOPE_NOT_UNIVERSE_MEMBERSHIP
320,ALXN,37,97494,109.0,Q,C,UNIVERSE_PROXY_SCOPE_NOT_UNIVERSE_MEMBERSHIP
5417,NBIX,38,42188,107.99,Q,C,UNIVERSE_PROXY_SCOPE_NOT_UNIVERSE_MEMBERSHIP
1311,CELG,39,90243,92.54,Q,C,UNIVERSE_PROXY_SCOPE_NOT_UNIVERSE_MEMBERSHIP
5039,MELI,40,15552,751.0,Q,C,UNIVERSE_PROXY_SCOPE_NOT_UNIVERSE_MEMBERSHIP
103,ADP,41,69630,1.01,Q,C,UNIVERSE_PROXY_SCOPE_NOT_UNIVERSE_MEMBERSHIP
1534,CMCSA,42,206696,46.95,Q,C,UNIVERSE_PROXY_SCOPE_NOT_UNIVERSE_MEMBERSHIP
627,AVGO,43,74212,310.0,Q,C,UNIVERSE_PROXY_SCOPE_NOT_UNIVERSE_MEMBERSHIP
5020,MDLZ,44,145009,55.83,Q,C,UNIVERSE_PROXY_SCOPE_NOT_UNIVERSE_MEMBERSHIP
8688,XLNX,45,140348,1.01,Q,C,UNIVERSE_PROXY_SCOPE_NOT_UNIVERSE_MEMBERSHIP
8399,VRTX,46,46403,132.0,Q,C,UNIVERSE_PROXY_SCOPE_NOT_UNIVERSE_MEMBERSHIP
7941,TTD,47,32605,287.0,G,C,UNIVERSE_PROXY_SCOPE_NOT_UNIVERSE_MEMBERSHIP
1767,CSX,48,147446,71.93,Q,C,UNIVERSE_PROXY_SCOPE_NOT_UNIVERSE_MEMBERSHIP
1539,CME,49,36356,129.25,Q,C,UNIVERSE_PROXY_SCOPE_NOT_UNIVERSE_MEMBERSHIP
4267,ISRG,50,37263,431.0,Q,C,UNIVERSE_PROXY_SCOPE_NOT_UNIVERSE_MEMBERSHIP
2046,DISH,51,85741,37.1,Q,C,UNIVERSE_PROXY_SCOPE_NOT_UNIVERSE_MEMBERSHIP
5986,PAYX,52,117392,1.01,Q,C,UNIVERSE_PROXY_SCOPE_NOT_UNIVERSE_MEMBERSHIP
6939,SBAC,53,30094,219.0,Q,C,UNIVERSE_PROXY_SCOPE_NOT_UNIVERSE_MEMBERSHIP
4189,INTU,54,43925,1.01,Q,C,UNIVERSE_PROXY_SCOPE_NOT_UNIVERSE_MEMBERSHIP
2519,EQIX,55,30870,470.0,Q,C,UNIVERSE_PROXY_SCOPE_NOT_UNIVERSE_MEMBERSHIP
1363,CGNX,56,70262,56.0,Q,C,UNIVERSE_PROXY_SCOPE_NOT_UNIVERSE_MEMBERSHIP
1648,COST,57,57530,250.0,Q,C,UNIVERSE_PROXY_SCOPE_NOT_UNIVERSE_MEMBERSHIP
8091,ULTA,58,29168,367.0,Q,C,UNIVERSE_PROXY_SCOPE_NOT_UNIVERSE_MEMBERSHIP
1808,CTXS,59,72527,1.01,Q,C,UNIVERSE_PROXY_SCOPE_NOT_UNIVERSE_MEMBERSHIP
7955,TTWO,60,93292,124.99,Q,C,UNIVERSE_PROXY_SCOPE_NOT_UNIVERSE_MEMBERSHIP
8497,WDC,61,145681,60.43,Q,C,UNIVERSE_PROXY_SCOPE_NOT_UNIVERSE_MEMBERSHIP
3318,GHDX,62,45589,72.11,Q,C,UNIVERSE_PROXY_SCOPE_NOT_UNIVERSE_MEMBERSHIP
1744,CSGP,63,11708,631.0,Q,C,UNIVERSE_PROXY_SCOPE_NOT_UNIVERSE_MEMBERSHIP
5035,MEDP,64,34764,68.57,Q,C,UNIVERSE_PROXY_SCOPE_NOT_UNIVERSE_MEMBERSHIP
5895,ORLY,65,27804,165.0,Q,C,UNIVERSE_PROXY_SCOPE_NOT_UNIVERSE_MEMBERSHIP
4878,LRCX,66,104686,1.01,Q,C,UNIVERSE_PROXY_SCOPE_NOT_UNIVERSE_MEMBERSHIP
3499,GRMN,67,47471,81.73,Q,C,UNIVERSE_PROXY_SCOPE_NOT_UNIVERSE_MEMBERSHIP
325,AMAT,68,205754,1.01,Q,C,UNIVERSE_PROXY_SCOPE_NOT_UNIVERSE_MEMBERSHIP
2277,EBAY,69,178193,38.0,Q,C,UNIVERSE_PROXY_SCOPE_NOT_UNIVERSE_MEMBERSHIP
5825,OKTA,70,39286,112.77,Q,C,UNIVERSE_PROXY_SCOPE_NOT_UNIVERSE_MEMBERSHIP
8649,WYNN,71,41080,200.0,Q,C,UNIVERSE_PROXY_SCOPE_NOT_UNIVERSE_MEMBERSHIP
6631,REGN,72,32710,324.95,Q,C,UNIVERSE_PROXY_SCOPE_NOT_UNIVERSE_MEMBERSHIP
2084,DLTR,73,101000,126.5,Q,C,UNIVERSE_PROXY_SCOPE_NOT_UNIVERSE_MEMBERSHIP
604,ATVI,74,167230,49.0,Q,C,UNIVERSE_PROXY_SCOPE_NOT_UNIVERSE_MEMBERSHIP
111,ADSK,75,80411,160.48,Q,C,UNIVERSE_PROXY_SCOPE_NOT_UNIVERSE_MEMBERSHIP
1799,CTSH,76,101213,1.01,Q,C,UNIVERSE_PROXY_SCOPE_NOT_UNIVERSE_MEMBERSHIP
4910,LULU,77,53154,171.0,Q,C,UNIVERSE_PROXY_SCOPE_NOT_UNIVERSE_MEMBERSHIP
5007,MDB,78,32282,153.5,G,C,UNIVERSE_PROXY_SCOPE_NOT_UNIVERSE_MEMBERSHIP
8388,VRNS,79,28989,70.0,Q,C,UNIVERSE_PROXY_SCOPE_NOT_UNIVERSE_MEMBERSHIP
7701,TER,80,121245,57.55,Q,C,UNIVERSE_PROXY_SCOPE_NOT_UNIVERSE_MEMBERSHIP
3617,HAS,81,48136,108.64,Q,C,UNIVERSE_PROXY_SCOPE_NOT_UNIVERSE_MEMBERSHIP
4991,MCHP,82,103932,98.25,Q,C,UNIVERSE_PROXY_SCOPE_NOT_UNIVERSE_MEMBERSHIP
94,ADI,83,151089,121.1,Q,C,UNIVERSE_PROXY_SCOPE_NOT_UNIVERSE_MEMBERSHIP
8014,UAL,84,76296,87.48,Q,C,UNIVERSE_PROXY_SCOPE_NOT_UNIVERSE_MEMBERSHIP
4212,IPGP,85,34867,120.0,Q,C,UNIVERSE_PROXY_SCOPE_NOT_UNIVERSE_MEMBERSHIP
5273,MRVL,86,175846,26.65,Q,C,UNIVERSE_PROXY_SCOPE_NOT_UNIVERSE_MEMBERSHIP
4953,MAR,87,85286,199999.99,Q,C,UNIVERSE_PROXY_SCOPE_NOT_UNIVERSE_MEMBERSHIP
7163,SIRI,88,65118,7.95,Q,C,UNIVERSE_PROXY_SCOPE_NOT_UNIVERSE_MEMBERSHIP
2730,FANG,89,36689,98.07,Q,C,UNIVERSE_PROXY_SCOPE_NOT_UNIVERSE_MEMBERSHIP
7358,SPLK,90,39253,138.05,Q,C,UNIVERSE_PROXY_SCOPE_NOT_UNIVERSE_MEMBERSHIP
8665,XEL,91,167999,63.0,Q,C,UNIVERSE_PROXY_SCOPE_NOT_UNIVERSE_MEMBERSHIP
7498,STNE,92,39359,37.49,Q,C,UNIVERSE_PROXY_SCOPE_NOT_UNIVERSE_MEMBERSHIP
7,AAL,93,145185,30.0,Q,C,UNIVERSE_PROXY_SCOPE_NOT_UNIVERSE_MEMBERSHIP
250,AKAM,94,76495,96.0,Q,C,UNIVERSE_PROXY_SCOPE_NOT_UNIVERSE_MEMBERSHIP
379,AMTD,95,97223,53.99,Q,C,UNIVERSE_PROXY_SCOPE_NOT_UNIVERSE_MEMBERSHIP
8822,ZM,96,30162,92.2,Q,C,UNIVERSE_PROXY_SCOPE_NOT_UNIVERSE_MEMBERSHIP
4144,INCY,97,39149,77.0,Q,C,UNIVERSE_PROXY_SCOPE_NOT_UNIVERSE_MEMBERSHIP
5371,MXIM,98,71066,110.0,Q,C,UNIVERSE_PROXY_SCOPE_NOT_UNIVERSE_MEMBERSHIP
1774,CTAS,99,32614,140.0,Q,C,UNIVERSE_PROXY_SCOPE_NOT_UNIVERSE_MEMBERSHIP
1327,CERN,100,66069,56.94,Q,C,UNIVERSE_PROXY_SCOPE_NOT_UNIVERSE_MEMBERSHIP
8470,WBA,101,129446,50.0,Q,C,UNIVERSE_PROXY_SCOPE_NOT_UNIVERSE_MEMBERSHIP
7992,TXRH,102,46332,75.0,Q,C,UNIVERSE_PROXY_SCOPE_NOT_UNIVERSE_MEMBERSHIP
8393,VRSK,103,20367,140.0,Q,C,UNIVERSE_PROXY_SCOPE_NOT_UNIVERSE_MEMBERSHIP
5913,OSTK,104,53510,13.17,G,C,UNIVERSE_PROXY_SCOPE_NOT_UNIVERSE_MEMBERSHIP
4777,LGND,105,22448,122.0,G,C,UNIVERSE_PROXY_SCOPE_NOT_UNIVERSE_MEMBERSHIP
4931,LYFT,106,38582,79.29,Q,C,UNIVERSE_PROXY_SCOPE_NOT_UNIVERSE_MEMBERSHIP
7895,TROW,107,59716,78.0,Q,C,UNIVERSE_PROXY_SCOPE_NOT_UNIVERSE_MEMBERSHIP
4,AABA,108,116432,58.0,Q,C,UNIVERSE_PROXY_SCOPE_NOT_UNIVERSE_MEMBERSHIP
33,ABMD,109,24509,1.0,Q,C,UNIVERSE_PROXY_SCOPE_NOT_UNIVERSE_MEMBERSHIP
7557,SWKS,110,62665,1.01,Q,C,UNIVERSE_PROXY_SCOPE_NOT_UNIVERSE_MEMBERSHIP
936,BLUE,111,21151,155.0,Q,C,UNIVERSE_PROXY_SCOPE_NOT_UNIVERSE_MEMBERSHIP
7289,SNPS,112,53390,134.0,Q,C,UNIVERSE_PROXY_SCOPE_NOT_UNIVERSE_MEMBERSHIP
5828,OLED,113,22689,146.57,Q,C,UNIVERSE_PROXY_SCOPE_NOT_UNIVERSE_MEMBERSHIP
6789,ROST,114,96854,1.01,Q,C,UNIVERSE_PROXY_SCOPE_NOT_UNIVERSE_MEMBERSHIP
