issue_id,candidate_id,affected_candidate_ids,claim_needed,known_evidence,source_A,source_B,conflict_type,exact_conflict,suspected_reason,search_attempts,specific_evidence_needed,web_research_resolvable,requires_vendor_quote,requires_m2_measurement,resolution_class,decision_prevented,can_M2_measure,severity,status,evidence_ids,last_updated,resolution_method,resolution_stage,tier,branch_impact,kill_potential,estimated_effort,migration_decision,migration_reason,migration_from
UNK-0001,UNKNOWN,TUP-CME-ES-H1-QDEP-PAS|TUP-CME-ES-H3-OFI-AGG|TUP-CME-NQ-H3-OFI-AGG|TUP-CME-TSY-H2-QREPL-MIX|TUP-CME-WTI-H4-FLOWVOL-AGG,Exact project-level all-in per-contract cost for the CME candidates (exchange fee + clearing fee + NFA/FCM commission + market-data and connectivity).,CME market-data architecture and product structure are verified; no fee schedule value was captured in the M1-A pass.,SRC-0107,UNKNOWN,NO_CONFLICT_INCOMPLETENESS,UNKNOWN,UNKNOWN,"Two passes. M1-A searched CME product/MDP documentation and market-data infrastructure. The M1-C CMEFacts resolver then targeted fee and clearing-fee pages directly: both were blocked, no filed fee blackline was extracted, and the one figure surfaced came from a non-primary article with no recoverable URL, so it was rejected (see patch P-0003 modified_claims). Public search is exhausted for this milestone.","Current CME/FCM schedule for the exact account path, registered as an immutable M2 cost configuration.",PARTIAL (public schedules exist; the project's own commission path does not),YES,NO,B,Aggressive CME execution viability (KG3) for every CME tuple.,NO,BLOCKING,EXTERNAL_REQUEST_READY,EVD-0001|EVD-0002|EVD-0018,2026-09-20T18:48:51Z,EXTERNAL_ACTION,M1_BLOCKING,3,SMALL,HIGH,MEDIUM,STAGE_M1_BLOCKING,M1-BLOCKING retained: a known mandatory cost is a cheap killer and cannot be deferred.,UNKNOWN
UNK-0002,UNKNOWN,TUP-CME-ES-H1-QDEP-PAS|TUP-CME-ES-H3-OFI-AGG|TUP-CME-NQ-H3-OFI-AGG|TUP-CME-TSY-H2-QREPL-MIX|TUP-CME-WTI-H4-FLOWVOL-AGG|TUP-GENERIC-CME-QUEUE,The product-specific CME matching/allocation rule for each named candidate contract.,CME documents product-specific matching processes and has changed Treasury calendar-spread matching by notice.,SRC-0112,SRC-0113,NO_CONFLICT_INCOMPLETENESS,Not a contradiction: the two sources agree that rules are product-specific and change over time; the current rule for a named contract is simply not captured.,UNKNOWN,UNKNOWN,"The current rulebook/matching specification for the exact contract and order type, plus its change history.",YES,UNKNOWN,UNKNOWN,A,Any queue-position or fill model for passive CME candidates (KG2/KG3).,UNKNOWN,BLOCKING,IN_PROGRESS,EVD-0003|EVD-0019,2026-09-20T18:48:51Z,PUBLIC_RESEARCH,M1_BLOCKING,1,SMALL,HIGH,SMALL,STAGE_M1_BLOCKING,M1-BLOCKING retained: matching mechanics are a Tier-1 fact and a queue model cannot be built without it.,UNKNOWN
UNK-0003,UNKNOWN,TUP-CME-ES-H1-QDEP-PAS|TUP-CME-ES-H3-OFI-AGG|TUP-CME-NQ-H3-OFI-AGG|TUP-CME-TSY-H2-QREPL-MIX|TUP-CME-WTI-H4-FLOWVOL-AGG,Whether a historical CME MBO/MBP package can be licensed at acceptable cost with usable timestamp semantics.,CME advertises historical/real-time products including up to full order book.,SRC-0123,UNKNOWN,NO_CONFLICT_INCOMPLETENESS,UNKNOWN,UNKNOWN,M1-A pass could not verify the exact historical MBO package and cost.,Vendor quote plus a sample file whose schema and timestamp fields are validated against a live feed.,UNKNOWN,YES,UNKNOWN,B,"Causal queue replay for CME candidates (KG2), and therefore M2 for them.",NO,BLOCKING,IN_PROGRESS,EVD-0018,2026-09-20T18:48:51Z,EXTERNAL_ACTION,M1_BLOCKING,3,SMALL,HIGH,MEDIUM,STAGE_M1_BLOCKING,M1-BLOCKING retained: data procurement feasibility is an M1 question (handoff §15 KG2).,UNKNOWN
UNK-0004,UNKNOWN,TUP-NASDAQ-LARGETICK-H2-QIMB-AGG|TUP-NASDAQ-LARGETICK-H2H3-MICRO-AGG|TUP-NASDAQ-LARGETICK-H1H2-QUEUEPOS-L1ONLY-AGG|TUP-NASDAQ-ANYCAP-H4-AUCTION-AGG,Whether order-level historical U.S. equity depth (ITCH/TotalView depth) can be procured at acceptable cost.,Consolidated Tick History is verified Level-1 only; TotalView live depth is verified available; no paid order-level history was acquired in the M1-A pass.,SRC-0109,SRC-0108,NO_CONFLICT_INCOMPLETENESS,"Product-scope difference, not a contradiction: Tick History (L1) and TotalView (full depth) are different products; the risk is backtesting a queue strategy on the easier product.",UNKNOWN,UNKNOWN,"Order-level historical product, license terms, sample and cost.",UNKNOWN,YES,UNKNOWN,B,Queue-aware backtesting of every Nasdaq equity tuple (KG2).,UNKNOWN,BLOCKING,EXTERNAL_REQUEST_READY,EVD-0005|EVD-0004,2026-09-20T18:48:51Z,EXTERNAL_ACTION,M1_BLOCKING,3,MEDIUM,HIGH,MEDIUM,STAGE_M1_BLOCKING,"M1-BLOCKING retained: granularity sufficiency is an M1 gate (measured against the mechanism's requirement), while fill rates themselves move to M2.",UNKNOWN
UNK-0005,UNKNOWN,TUP-NASDAQ-LARGETICK-H2-QIMB-AGG|TUP-NASDAQ-LARGETICK-H2H3-MICRO-AGG|TUP-CBOEBZX-LARGETICK-H2H3-SPREADCAP-PAS|TUP-USSTOCK-XVENUE-H1-STALEQUOTE-AGG|TUP-NASDAQ-ANYCAP-H4-AUCTION-AGG,"Current U.S. equity fee tier and routing economics actually available to this project (Nasdaq main book, Cboe BZX fee codes, CAT/broker/clearing).",Cboe BZX standard displayed-add rebate and removal fee are verified; Nasdaq main-book small-prop tier was not locked.,SRC-0114,UNKNOWN,NO_CONFLICT_INCOMPLETENESS,UNKNOWN,UNKNOWN,UNKNOWN,"Broker/venue fee schedule for the project's exact routing and account type, per fee code.",PARTIAL (published schedules exist; the project's routing outcome does not),YES,UNKNOWN,B,Net-economics arithmetic for equity tuples (KG3).,UNKNOWN,BLOCKING,IN_PROGRESS,EVD-0006|EVD-0021,2026-09-20T18:48:51Z,EXTERNAL_ACTION,M1_BLOCKING,3,MEDIUM,HIGH,MEDIUM,STAGE_M1_BLOCKING,M1-BLOCKING retained: known costs are Tier-1 killers.,UNKNOWN
UNK-0006,UNKNOWN,ALL_CANDIDATES,"The full break-even cost envelope (spread, fees, slippage, adverse selection, impact) for each candidate.",Two crypto venues have verified exchange-fee floors; no spread/slippage/impact/adverse-selection values are verified for any candidate.,SRC-0105|SRC-0106|SRC-0114,UNKNOWN,NO_CONFLICT_INCOMPLETENESS,UNKNOWN,UNKNOWN,UNKNOWN,"Measured or explicitly parameterised values for every break-even component, per candidate.",UNKNOWN,UNKNOWN,YES,C,Any statement that a candidate is net-profitable; the strongest permitted statement is a known cost floor.,YES,IMPORTANT,OPEN,EVD-0006|EVD-0007|EVD-0008,2026-09-20,EMPIRICAL_MEASUREMENT,M2_MEASUREMENT,4,GLOBAL,LOW,MEDIUM,STAGE_M2_MEASUREMENT,"MIGRATED from M1_BLOCKING (it was UNK-0006 there). Split: known mandatory cost floors remain M1-blocking (UNK-0001/0005/0011/0012/0013/0022/0028); realized slippage, impact and adverse selection are, by construction, measurement outputs of M2. Keeping them in M1 made M1 unclosable.",M1_BLOCKING
UNK-0007,UNKNOWN,TUP-CME-ES-H1-QDEP-PAS|TUP-CBOEBZX-LARGETICK-H2H3-SPREADCAP-PAS|TUP-METHOD-PASSIVE-TOUCHFILL,Passive fill probability conditional on queue state.,No defensible fill probability was found; the report explicitly declines to estimate one; touch=fills is disallowed.,UNKNOWN,UNKNOWN,NO_CONFLICT_INCOMPLETENESS,UNKNOWN,UNKNOWN,UNKNOWN,"Queue-aware fill model validated against shadow/live observations, including partial fills and cancellation distinction.",UNKNOWN,UNKNOWN,YES,C,Economic evaluation of every passive candidate (KG3).,YES,IMPORTANT,OPEN,UNKNOWN,2026-09-20,EMPIRICAL_MEASUREMENT,M2_MEASUREMENT,4,SMALL,LOW,MEDIUM,STAGE_M2_MEASUREMENT,MIGRATED from M1_BLOCKING. Fill rates are an M2 output; the M1-relevant part (does an order-level feed exist to model them at all) is KG2 / UNK-0003 / UNK-0004.,M1_BLOCKING
UNK-0008,UNKNOWN,ALL_CANDIDATES,Empirical signal half-life: the EV-versus-delay curve for each candidate signal.,"'Next tick' and 'short horizon' results exist, but no candidate-specific EV(delay) curve; the queue-imbalance study predicts a next-price move, not decay.",UNKNOWN,UNKNOWN,NO_CONFLICT_INCOMPLETENESS,UNKNOWN,UNKNOWN,UNKNOWN,"Delay-sweep measurement (e.g. 0/10/25/50/100/250/500 ms, 1/2/5 s where physically appropriate) reporting gross conditional markout and execution-aware EV.",UNKNOWN,UNKNOWN,YES,C,"Latency budget allocation, model placement and any ALIVE label (KG4).",YES,IMPORTANT,OPEN,EVD-0012|EVD-0013,2026-09-20,EMPIRICAL_MEASUREMENT,M2_MEASUREMENT,4,GLOBAL,LOW,MEDIUM,STAGE_M2_MEASUREMENT,"MIGRATED from M1_BLOCKING, and this is the single most important migration: requiring a measured half-life inside M1 made KG4 unpassable, which made M1-B impossible, which made M2 impossible. M1 now requires only that no *known physical* timing contradiction exists and that the delay experiment is preregistered.",M1_BLOCKING
UNK-0009,UNKNOWN,ALL_CANDIDATES,"Modern, venue-specific, after-cost replication (or explicit disconfirmation) for the mechanism each candidate relies on. The only external mechanism evidence in this package is the U.S.-equity OFI/queue-imbalance/microprice literature; every other candidate borrows a mechanism that has no current, on-venue, after-cost replication at all.","Mechanism support exists for U.S. equities (2015 and earlier samples), primarily predictive and gross.",SRC-0101|SRC-0102,UNKNOWN,NO_CONFLICT_INCOMPLETENESS,UNKNOWN,UNKNOWN,UNKNOWN,"Independent current replication on the exact venue/instrument including realistic costs, or an explicit disconfirming study.",YES,UNKNOWN,UNKNOWN,A,"Mechanism credibility (KG1) for every candidate whose mechanism has no current, on-venue, after-cost replication.",UNKNOWN,BLOCKING,OPEN,EVD-0012|EVD-0013|EVD-0014,2026-09-20,PUBLIC_RESEARCH,M1_BLOCKING,2,GLOBAL,HIGH,MEDIUM,STAGE_M1_BLOCKING,M1-BLOCKING retained: mechanism credibility is the core M1 question (handoff §15 KG1).,UNKNOWN
UNK-0010,UNKNOWN,TUP-HYPERLIQUID-BTCPERP-H3-OFILIQ-AGG|TUP-HYPERLIQUID-BTCPERP-H4-FUNDBASIS-MIX|TUP-HYPERLIQUID-BTCPERP-H1-QDEP-AGGPAS,"Hyperliquid trading-fee schedule, event-level historical L2 source and market-wide liquidation observability.","Live public l2Book/BBO/trades schema verified, including the >= 0.5 s snapshot cadence; fee schedule and historical replay product not verified.",SRC-0111,UNKNOWN,NO_CONFLICT_INCOMPLETENESS,UNKNOWN,UNKNOWN,M1-A pass could not verify the exact current fee schedule and historical replay product.,"Current fee schedule, historical event-level L2 product with timestamps, and the venue's liquidation-data surface.",PARTIAL,PARTIAL,UNKNOWN,A,Net-edge feasibility for the Hyperliquid H3/H4 candidates.,UNKNOWN,BLOCKING,IN_PROGRESS,EVD-0009|EVD-0010,2026-09-20T18:48:51Z,EXTERNAL_ACTION,M1_BLOCKING,3,SMALL,HIGH,SMALL,STAGE_M1_BLOCKING,"M1-BLOCKING retained; fee and liquidation facts are public research, replay procurement needs a vendor/data request, so the binding method is EXTERNAL_ACTION.",UNKNOWN
UNK-0011,UNKNOWN,TUP-EUREX-FESX-H2H3-OFIQ-MIX,"Eurex execution fees, product allocation rule, historical EOBI acquisition cost and broker/participant access path.",T7 14.1 EOBI/EMDI/ETI documentation verified.,SRC-0110,UNKNOWN,NO_CONFLICT_INCOMPLETENESS,UNKNOWN,UNKNOWN,UNKNOWN,"Instrument-specific fee schedule, matching rule, historical data quote and access route.",UNKNOWN,YES,UNKNOWN,B,Any Eurex candidate progressing beyond universe status.,UNKNOWN,BLOCKING,OPEN,EVD-0011,2026-09-20,EXTERNAL_ACTION,M1_BLOCKING,3,ONE,HIGH,MEDIUM,STAGE_M1_BLOCKING,M1-BLOCKING retained: access and cost are Tier-1/Tier-3 facts.,UNKNOWN
UNK-0012,UNKNOWN,TUP-CBOE-USOPT-H5-SURFRV-MIX,Cboe options class/order-type fee decomposition plus historical surface/depth data and hedging mechanics for a named option tuple.,A Cboe options fee schedule effective 2026-09-01 was located; class/order-type economics were not decomposed.,SRC-0116,UNKNOWN,NO_CONFLICT_INCOMPLETENESS,UNKNOWN,UNKNOWN,UNKNOWN,"Fee codes for the exact order types, OPRA versus proprietary depth history, and point-in-time surface data.",UNKNOWN,YES,UNKNOWN,B,Options tuples passing Gate 2 at all.,UNKNOWN,BLOCKING,OPEN,UNKNOWN,2026-09-20,PUBLIC_RESEARCH,M1_BLOCKING,1,ONE,HIGH,SMALL,STAGE_M1_BLOCKING,"M1-BLOCKING retained: the schedule is public, so this is cheap public research.",UNKNOWN
UNK-0013,UNKNOWN,TUP-DERIBIT-BTCOPT-H5-SURFRV-MIX,"Deribit current access, fee, API semantics and historical book/surface data.",Venue relevance only; current primary specifications were not locked.,UNKNOWN,UNKNOWN,NO_CONFLICT_INCOMPLETENESS,UNKNOWN,UNKNOWN,UNKNOWN,"2026 access/fee schedule, API contract and historical book product.",UNKNOWN,YES,UNKNOWN,B,Gate 2 for the Deribit tuple.,UNKNOWN,BLOCKING,IN_PROGRESS,UNKNOWN,2026-09-20T18:48:51Z,PUBLIC_RESEARCH,M1_BLOCKING,1,ONE,HIGH,SMALL,STAGE_M1_BLOCKING,"M1-BLOCKING retained: cheap public research, high kill potential.",UNKNOWN
UNK-0014,UNKNOWN,TUP-KALSHI-EVENT-H5-EVENTINF-AGG|TUP-POLYMARKET-EVENT-H5-EVENTINF-AGG,"Jurisdiction-by-jurisdiction access, fee schedule, matching/API semantics and historical data for Kalshi and Polymarket.",Washington obtained a 2026 court order affecting Kalshi in that state: state-level restrictions demonstrably exist.,SRC-0121,UNKNOWN,NO_CONFLICT_INCOMPLETENESS,UNKNOWN,UNKNOWN,UNKNOWN,A current per-contract access matrix plus fee/API/history facts.,YES,UNKNOWN,UNKNOWN,A,Legality/access gate for both event-market tuples.,UNKNOWN,BLOCKING,IN_PROGRESS,EVD-0016,2026-09-20T18:48:51Z,PUBLIC_RESEARCH,M1_BLOCKING,1,SMALL,HIGH,MEDIUM,STAGE_M1_BLOCKING,M1-BLOCKING retained: legality is explicitly an M1 gate (handoff §2).,UNKNOWN
UNK-0015,UNKNOWN,TUP-FX-ECN-H2H3-LEADLAG-AGG|TUP-FX-RETAILBROKER-H3H4-FEEDLAG-AGG,"An exact FX venue (ECN or broker), participant class, feed, order protocol and last-look/execution mechanics.",Nothing venue-specific: 'FX' was never a valid unit of analysis.,UNKNOWN,UNKNOWN,NO_CONFLICT_INCOMPLETENESS,UNKNOWN,UNKNOWN,UNKNOWN,A named venue plus participant status and its published or contractual execution policy.,PARTIAL (public institutional facts exist; participant status does not),PARTIAL,UNKNOWN,A,Defining the tuple at all (KG1/KG3/KG5).,UNKNOWN,BLOCKING,OPEN,UNKNOWN,2026-09-20,PUBLIC_RESEARCH,M1_BLOCKING,1,SMALL,HIGH,MEDIUM,STAGE_M1_BLOCKING,M1-BLOCKING retained: 'no exact instrument definition' is an explicit M1 blocker.,UNKNOWN
UNK-0016,UNKNOWN,ALL_CANDIDATES,Measured decision-to-market latency distribution (p50/p95/p99 plus jitter and deadline-miss rate) for this project's own stack.,"No live path exists yet; the requirement is stated in the project's methods (timestamp contract, decision-age metrics).",SRC-0016,SRC-0018,NO_CONFLICT_INCOMPLETENESS,UNKNOWN,UNKNOWN,UNKNOWN,Instrumented shadow-run latency measurements.,UNKNOWN,UNKNOWN,YES,C,Placing any model at any horizon (KG3/KG4).,YES,IMPORTANT,OPEN,UNKNOWN,2026-09-20,EMPIRICAL_MEASUREMENT,M2_MEASUREMENT,4,GLOBAL,LOW,SMALL,STAGE_M2_MEASUREMENT,"MIGRATED from M1_BLOCKING. The M1-relevant part is a *physical* check (feed cadence versus hypothesis horizon), which is computed in KG2/KG4 from verified venue facts. The latency of a pipeline that does not exist yet cannot be an M1 gate.",M1_BLOCKING
UNK-0017,UNKNOWN,TUP-SYSTEMONE-HARDCORE-ENGINE|TUP-JEV-HOSTED-LATENCY-UNMEASURED,Reproducible hosted-Jev/local-System-One latency profile and incremental execution-aware utility versus a same-information classical baseline.,Vendor-reported 70-500 ms end-to-end range only; no independent reproduction; no sealed utility comparison exists.,SRC-0001,SRC-0015,NO_CONFLICT_INCOMPLETENESS,UNKNOWN,UNKNOWN,UNKNOWN,Measured p50/p95/p99 under trading-like load plus sealed same-information utility comparison.,UNKNOWN,UNKNOWN,YES,C,Any System-One admission decision; determines whether the Jev branch is worth funding at all.,YES,IMPORTANT,OPEN,EVD-0023|EVD-0024|EVD-0026,2026-09-20,EMPIRICAL_MEASUREMENT,M2_MEASUREMENT,4,GLOBAL,LOW,MEDIUM,STAGE_M2_MEASUREMENT,"MIGRATED from M1_BLOCKING to M2_MEASUREMENT: this is an empirical estimand, and requiring it inside M1 would have made the technology branch unfalsifiable rather than merely unfunded.",M1_BLOCKING
UNK-0018,UNKNOWN,ALL_CANDIDATES,"Validated timestamp semantics for historical and live feeds (exchange/event time versus receive time, clock domain, sequence integrity) sufficient for causal replay.","The project's timestamp contract is defined in its methods (SRC-0016) and the reality-gap decomposition depends on it, but no venue's feed or historical file has been validated against that contract.",SRC-0111,SRC-0118,NO_CONFLICT_INCOMPLETENESS,UNKNOWN,UNKNOWN,UNKNOWN,"A sample historical file and a live capture per venue, with the timestamp fields mapped and checked for ordering, duplication and clock domain.",PARTIAL,YES,YES,B,"Causal replay and therefore every queue, priority or fill claim; applies to any candidate that reaches replay.",YES,BLOCKING,IN_PROGRESS,EVD-0010|EVD-0018,2026-09-20T18:48:51Z,EXTERNAL_ACTION,M1_BLOCKING,3,GLOBAL,HIGH,SMALL,STAGE_M1_BLOCKING,"M1-BLOCKING retained: this is a data-adequacy fact, not a measurement.",UNKNOWN
UNK-0032,UNKNOWN,ALL_CANDIDATES,Cost-sensitivity behaviour: does any surviving candidate remain viable under conservative fee/slippage assumptions?,The two crypto tuples die on the fee floor alone; no sensitivity surface exists for any other candidate.,SRC-0014,UNKNOWN,NO_CONFLICT_INCOMPLETENESS,UNKNOWN,UNKNOWN,UNKNOWN,Cost-sensitivity surface over fee/slippage/spread assumptions per candidate.,UNKNOWN,UNKNOWN,YES,C,Robustness judgment (required by the project's own G4 gate).,YES,IMPORTANT,OPEN,UNKNOWN,2026-09-20,EMPIRICAL_MEASUREMENT,M2_MEASUREMENT,4,GLOBAL,LOW,MEDIUM,STAGE_M2_MEASUREMENT,"MIGRATED to M2_MEASUREMENT: it is a robustness output over measured inputs, and the project's own G4 gate places it after baseline evidence exists.",M1_BLOCKING
UNK-0019,UNKNOWN,TUP-CME-ES-H1-QDEP-PAS|TUP-CBOEBZX-LARGETICK-H2H3-SPREADCAP-PAS|TUP-NASDAQ-LARGETICK-H2-QIMB-AGG|TUP-NASDAQ-LARGETICK-H2H3-MICRO-AGG,Fill-conditioned markout distribution (adverse selection) for every passive or crossing candidate.,Mechanically uncontroversial but unmeasured in this evidence package.,UNKNOWN,UNKNOWN,NO_CONFLICT_INCOMPLETENESS,UNKNOWN,UNKNOWN,UNKNOWN,"Markouts conditional on own fills, from replay with a validated fill model and later from shadow/micro-live.",UNKNOWN,UNKNOWN,YES,C,Passive-candidate economics; also the crossing case where the signal selects into an already-moving price.,YES,IMPORTANT,OPEN,UNKNOWN,2026-09-20,EMPIRICAL_MEASUREMENT,M2_MEASUREMENT,4,MEDIUM,LOW,MEDIUM,STAGE_M2_MEASUREMENT,MIGRATED from M1_BLOCKING: markout is an M2 output; the M1 question is whether the data to measure it exists (KG2).,M1_BLOCKING
UNK-0020,UNKNOWN,TUP-NASDAQ-ANYCAP-H4-AUCTION-AGG,Historical NOII/auction execution data source and cost.,NOII existence and public dissemination verified; historical depth/cost not locked.,SRC-0108,SRC-0120,NO_CONFLICT_INCOMPLETENESS,UNKNOWN,UNKNOWN,UNKNOWN,Historical auction-imbalance dataset with exact dissemination timestamps.,UNKNOWN,YES,UNKNOWN,B,Auction tuple feasibility (KG2): without it the auction candidate has no historical basis for testing.,UNKNOWN,BLOCKING,RESOLVED_SUPPORTS,UNKNOWN,2026-09-20T18:48:51Z,EXTERNAL_ACTION,M1_BLOCKING,3,ONE,MEDIUM,SMALL,STAGE_M1_BLOCKING,M1-BLOCKING retained: data existence is Tier 1/3.,UNKNOWN
UNK-0021,UNKNOWN,TUP-USSTOCK-XVENUE-H1-STALEQUOTE-AGG,Cross-venue source-to-decision-to-venue latency and stale-quote survival for a multi-venue U.S. equity tuple.,No evidence package establishes non-colocated feasibility; the report notes the obvious forms are contested by dedicated low-latency firms.,UNKNOWN,UNKNOWN,NO_CONFLICT_INCOMPLETENESS,UNKNOWN,UNKNOWN,UNKNOWN,"Measured cross-feed synchronization, decision age and the fraction of stale quotes still present at order arrival.",UNKNOWN,UNKNOWN,YES,C,Whether the cross-venue tuple is a real opportunity or an infrastructure race.,YES,IMPORTANT,OPEN,UNKNOWN,2026-09-20,EMPIRICAL_MEASUREMENT,M2_MEASUREMENT,4,ONE,MEDIUM,MEDIUM,STAGE_M2_MEASUREMENT,MIGRATED from M1_BLOCKING. M1 keeps the *structural* part via a physical latency check; the survival measurement itself is M2.,M1_BLOCKING
UNK-0022,UNKNOWN,TUP-CBOEBZX-LARGETICK-H2H3-SPREADCAP-PAS,"Cboe BZX proprietary depth availability, fee-code outcome and order-level history for this project's access path.",Standard rebate/remove rates verified; nothing about data access or realized fee codes.,SRC-0114,SRC-0125,NO_CONFLICT_INCOMPLETENESS,UNKNOWN,UNKNOWN,UNKNOWN,Feed/data entitlement list and a sample of realized fee codes.,UNKNOWN,YES,UNKNOWN,B,BZX passive tuple feasibility (KG2/KG3).,UNKNOWN,BLOCKING,EXTERNAL_REQUEST_READY,EVD-0006|EVD-0021,2026-09-20T18:48:51Z,EXTERNAL_ACTION,M1_BLOCKING,3,ONE,MEDIUM,SMALL,STAGE_M1_BLOCKING,M1-BLOCKING retained: cost and data existence are Tier-1/Tier-3.,UNKNOWN
UNK-0023,UNKNOWN,ALL_EXTERNAL_EVIDENCE,Resolvable identities (URL/DOI) for the 25 external sources the M1-A report cites only through opaque internal citation tokens.,"Tokens are preserved verbatim and the report names most sources descriptively (organisation, venue, sometimes author/year), but no URL is reconstructible from repository artifacts.",SRC-0011,UNKNOWN,NO_CONFLICT_INCOMPLETENESS,UNKNOWN,The M1-A export emitted citation tokens in place of links; the mapping lives outside the artifact.,UNKNOWN,Token-by-token resolution to a primary URL with an access snapshot.,YES,UNKNOWN,UNKNOWN,A,"Independent verification of any external claim, including fee schedules that already killed candidates; the arithmetic is unaffected, the auditability is.",UNKNOWN,BLOCKING,IN_PROGRESS,UNKNOWN,2026-09-20T18:48:51Z,PUBLIC_RESEARCH,M1_BLOCKING,1,GLOBAL,HIGH,SMALL,STAGE_M1_BLOCKING,"M1-BLOCKING retained: decisions already rest on these facts, and re-derivation is the cheapest available integrity upgrade.",UNKNOWN
UNK-0024,UNKNOWN,TUP-USSTOCK-XVENUE-H1-STALEQUOTE-AGG,A candidate-specific measured basis for the WEAK label on the cross-venue stale-quote tuple.,The M1-A report assigns WEAK on structural reasoning (latency/routing demands) rather than on measured evidence for this candidate; its own text notes no evidence package establishes non-colocated feasibility.,SRC-0011,SRC-0011,DIVERGENCE_IN_JUDGMENT,"Report label WEAK versus gate-derived ceiling 'BLOCKED gates, no direct SUPPORTS evidence' would read as UNKNOWN. Resolved by keeping the report label and recording the basis, not by averaging.",UNKNOWN,UNKNOWN,Latency/stale-quote measurements (UNK-0021) before the label can rest on evidence.,UNKNOWN,UNKNOWN,UNKNOWN,D,Nothing (the label is non-promoting); recorded so the judgment basis is not mistaken for evidence.,UNKNOWN,NON_BLOCKING,OPEN,UNKNOWN,2026-09-20,DEFERRED,NON_BLOCKING,4,ONE,LOW,SMALL,STAGE_NON_BLOCKING,NON_BLOCKING retained: recorded so judgment is not mistaken for evidence.,M1_BLOCKING
UNK-0025,UNKNOWN,ALL_CANDIDATES,An external basis for the H1..H5 horizon banding used to derive horizon_min_us and horizon_max_us.,The band labels and approximate ranges appear in the M1-A artifact; the millisecond-to-microsecond endpoints are a project convention.,SRC-0011,ASM-0001,METHOD_NOTE,UNKNOWN,UNKNOWN,UNKNOWN,None required for internal consistency; would only matter if bands were used to compare against external studies.,UNKNOWN,UNKNOWN,UNKNOWN,D,Nothing; recorded so derived microsecond values are not read as measured market facts.,UNKNOWN,NON_BLOCKING,RESOLVED,UNKNOWN,2026-09-20,DEFERRED,NON_BLOCKING,4,GLOBAL,LOW,SMALL,STAGE_NON_BLOCKING,NON_BLOCKING (already RESOLVED): internal consistency is what matters.,M1_BLOCKING
UNK-0026,UNKNOWN,UNKNOWN,"Independent external verification of any System-One/Jev capability claim used as a premise (calibration transport, latency, cost of operation).",All available Jev material is vendor self-report or a project audit of a user-provided document; no independent reproduction exists in this repository.,SRC-0001,SRC-0020,NO_CONFLICT_INCOMPLETENESS,UNKNOWN,UNKNOWN,UNKNOWN,"Independent benchmark or reproduction, or a sealed same-information experiment performed by this project (UNK-0017).",UNKNOWN,UNKNOWN,YES,C,Any system-One admission; keeps the technology branch unfunded by default.,YES,IMPORTANT,OPEN,EVD-0023|EVD-0024|EVD-0025|EVD-0026,2026-09-20,EMPIRICAL_MEASUREMENT,M2_MEASUREMENT,4,GLOBAL,LOW,MEDIUM,STAGE_M2_MEASUREMENT,MIGRATED to M2_MEASUREMENT; tracked because SUNK premises must not leak into M2 designs.,M1_BLOCKING
UNK-0027,UNKNOWN,TUP-CME-TSY-H2-QREPL-MIX|TUP-CME-WTI-H4-FLOWVOL-AGG|TUP-NASDAQ-LARGETICK-H2-QIMB-AGG|TUP-NASDAQ-LARGETICK-H2H3-MICRO-AGG|TUP-NASDAQ-ANYCAP-H4-AUCTION-AGG|TUP-EUREX-FESX-H2H3-OFIQ-MIX|TUP-CBOE-USOPT-H5-SURFRV-MIX|TUP-DERIBIT-BTCOPT-H5-SURFRV-MIX|TUP-KALSHI-EVENT-H5-EVENTINF-AGG|TUP-POLYMARKET-EVENT-H5-EVENTINF-AGG,"Exact instrument/contract/symbol specification for tuples that currently name a family rather than a tradable instrument (Treasury contract, WTI month, stock symbol, option class/expiry, event contract, FX pair/venue).",The M1-A tuple ledger deliberately uses family-level naming; several rows state that instrument-level economics remain locked.,SRC-0011,UNKNOWN,NO_CONFLICT_INCOMPLETENESS,UNKNOWN,UNKNOWN,UNKNOWN,"One exact instrument per surviving branch, with its tick/lot/matching and fee facts.",YES,UNKNOWN,UNKNOWN,A,M2 registration and any falsifier (KG5) for the affected rows.,UNKNOWN,BLOCKING,OPEN,UNKNOWN,2026-09-20,PUBLIC_RESEARCH,M1_BLOCKING,1,MEDIUM,HIGH,MEDIUM,STAGE_M1_BLOCKING,M1-BLOCKING retained: handoff §11 makes exact-instrument definition an M1 requirement.,UNKNOWN
UNK-0028,UNKNOWN,ALL_CANDIDATES,"Capital requirement and account/tier eligibility for the venues named in the survivor set (institutional access, margin, minimum size).",Coinbase/Kraken tier eligibility affects realized fees; CME and Eurex access requires a broker/member path; no capital figures exist.,UNKNOWN,UNKNOWN,NO_CONFLICT_INCOMPLETENESS,UNKNOWN,UNKNOWN,UNKNOWN,Broker/venue quotes for the intended account type plus margin and minimum-size terms.,UNKNOWN,YES,UNKNOWN,B,Deployment-shape decisions (not M1 selection); also drives which fee tier applies in M2 cost configuration.,UNKNOWN,BLOCKING,OPEN,UNKNOWN,2026-09-20,EXTERNAL_ACTION,M1_BLOCKING,3,GLOBAL,MEDIUM,MEDIUM,STAGE_M1_BLOCKING,"M1-BLOCKING retained: it determines which cost schedule applies, which is Tier 1.",UNKNOWN
UNK-0029,UNKNOWN,ALL_CANDIDATES,Capacity and market-impact evidence at an economically meaningful size for any survivor.,Nothing: capacity is explicitly listed as unknown in the project status artifact.,SRC-0024,UNKNOWN,NO_CONFLICT_INCOMPLETENESS,UNKNOWN,UNKNOWN,UNKNOWN,Impact and capacity curves measured in M2/M6-style escalation.,UNKNOWN,UNKNOWN,YES,C,Any capital decision; a micro-capacity edge with no business case cannot be justified later without it.,YES,IMPORTANT,OPEN,UNKNOWN,2026-09-20,EMPIRICAL_MEASUREMENT,POST_M2,4,GLOBAL,LOW,LARGE,STAGE_POST_M2,MIGRATED to POST_M2: capacity is only meaningful for a strategy that has already shown positive net EV; it cannot gate selection among candidates with unknown EV.,M1_BLOCKING
UNK-0030,UNKNOWN,UNKNOWN,Confirmation that the M1-A state claim 'the Jev paper and the research OS were not retrievable' still holds.,Both artifacts are present in this repository and were ingested during M1-C; their SHA-256 hashes are recorded in M1/raw/source_manifest.json.,SRC-0011,SRC-0020,CONTRADICTION,SRC-0011 states the paper and research OS were unavailable in its environment; both files exist in the repository handed to M1-C.,Different execution environments: the M1-A run did not have repository access.,UNKNOWN,Nothing further; the artifact-level audit exists (SRC-0020) and the remaining gap is external verification of its premises (UNK-0026).,UNKNOWN,UNKNOWN,UNKNOWN,D,"Nothing now; it invalidates one of the two reasons the M1-A artifact gave for its own incompleteness, so the M1-A status must be re-derived from the remaining blockers rather than inherited.",UNKNOWN,NON_BLOCKING,RESOLVED,UNKNOWN,2026-09-20,DEFERRED,NON_BLOCKING,4,GLOBAL,LOW,SMALL,STAGE_NON_BLOCKING,NON_BLOCKING (already RESOLVED): verdict re-derived under ASM-0018.,M1_BLOCKING
UNK-0031,UNKNOWN,TUP-SYSTEMONE-HARDCORE-ENGINE|TUP-JEV-HOSTED-LATENCY-UNMEASURED,Transcription fidelity of the candidate-architecture paper's claim set.,"The PDF has no text layer (image-only: 8 pages, 8 embedded images, zero fonts), so its claims were read from pages rasterised at 140 dpi and transcribed by a vision model. Every extracted number was cross-checked against the project audit (SRC-0020) and against closed-form arithmetic where the quantities interact (EVD-0028), but no second independent transcription exists.",SRC-0010,SRC-0020,METHOD_NOTE,UNKNOWN,UNKNOWN,UNKNOWN,"A second independent transcription or an OCR pass over a higher-resolution rasterisation, for every numeric claim used downstream.",NO,UNKNOWN,UNKNOWN,A,"Nothing blocking; it bounds confidence in EVD-0025/EVD-0027/EVD-0029, which are only used as premises about a candidate architecture, never as market evidence.",UNKNOWN,NON_BLOCKING,OPEN,UNKNOWN,2026-09-20,PUBLIC_RESEARCH,NON_BLOCKING,1,GLOBAL,LOW,SMALL,STAGE_NON_BLOCKING,NON_BLOCKING: the specimen supplies no economic premise; it bounds confidence only.,M1_BLOCKING
UNK-0033,UNKNOWN,TUP-NASDAQ-LARGETICK-H2-QIMB-AGG|TUP-NASDAQ-LARGETICK-H2H3-MICRO-AGG|TUP-CBOEBZX-LARGETICK-H2H3-SPREADCAP-PAS|TUP-USSTOCK-XVENUE-H1-STALEQUOTE-AGG,"Sponsored-access cost: broker commission/markup for routed order flow, which no exchange or regulator publishes.","Exchange-side fee schedules are published per venue; the sponsor's commission is a private contract, so the all-in cost of a sponsored path cannot be assembled from public sources.",SRC-0201,SRC-0202,NO_CONFLICT_INCOMPLETENESS,UNKNOWN,UNKNOWN,UNKNOWN,A chosen sponsor's published commission schedule or a written quote for the intended order flow.,UNKNOWN,YES,UNKNOWN,UNKNOWN,"All-in per-share cost for every equity tuple, and therefore the cost floor used in KG3.",NO,BLOCKING,OPEN,UNKNOWN,2026-09-20T18:48:51Z,EXTERNAL_ACTION,M1_BLOCKING,3,MEDIUM,HIGH,SMALL,STAGE_M1_BLOCKING,"New blocker surfaced by primary-source research: the exchange side of equity cost is public, the sponsored-access side is not, and the project cannot trade directly on these venues.",UNKNOWN
UNK-0034,UNKNOWN,TUP-HYPERLIQUID-BTCPERP-H1-QDEP-AGGPAS|TUP-HYPERLIQUID-BTCPERP-H3-OFILIQ-AGG|TUP-HYPERLIQUID-BTCPERP-H4-FUNDBASIS-MIX|TUP-KALSHI-EVENT-H5-EVENTINF-AGG|TUP-POLYMARKET-EVENT-H5-EVENTINF-AGG|TUP-DERIBIT-BTCOPT-H5-SURFRV-MIX|TUP-COINBASE-BTCUSD-H3-MICROOFI-AGG|TUP-KRAKEN-BTCUSD-H3-MICROOFI-AGG,"The operator's own jurisdiction and client classification, which determine whether each venue is accessible at all.",Venue terms and regulations now specify explicit exclusions: Hyperliquid excludes US and Ontario persons; Deribit prohibits the US; Kalshi restricts many countries and faces active Washington and Nevada orders; international Polymarket blocks US persons while Polymarket US is a separate product.,SRC-0213,SRC-0214,NO_CONFLICT_INCOMPLETENESS,UNKNOWN,UNKNOWN,UNKNOWN,"A statement of the operator's legal domicile, entity type and client classification, plus the per-venue eligibility determination that follows from it.",UNKNOWN,NO,UNKNOWN,UNKNOWN,"Access legality for four venue families, and therefore KG3 and KG5 for their candidates: no fill or cost model matters for a venue the operator may not use.",NO,BLOCKING,OPEN,UNKNOWN,2026-09-20T18:48:51Z,DEFERRED,M1_BLOCKING,1,GLOBAL,HIGH,SMALL,STAGE_M1_BLOCKING,"Not resolvable by research: it is a fact about the operator, not about the market. Registered so no session can quietly assume a jurisdiction that makes a branch look accessible.",UNKNOWN
UNK-0035,UNKNOWN,TUP-HYPERLIQUID-BTCPERP-H1-QDEP-AGGPAS|TUP-HYPERLIQUID-BTCPERP-H3-OFILIQ-AGG|TUP-HYPERLIQUID-BTCPERP-H4-FUNDBASIS-MIX|TUP-POLYMARKET-EVENT-H5-EVENTINF-AGG,Version control for venue fee schedules that publish no effective date or version archive.,Hyperliquid's fee page and Polymarket's fee documentation carry no effective date; Deribit's page gives one update date rather than per-row versions; Kalshi's schedule states an effective date but its production URL was rate-limited at access time.,SRC-0213,SRC-0214,NO_CONFLICT_INCOMPLETENESS,UNKNOWN,UNKNOWN,UNKNOWN,"A dated, hashed snapshot of each fee page taken by the project, re-taken on a fixed schedule, with the figure used by any cost model tied to the snapshot it came from.",UNKNOWN,NO,UNKNOWN,UNKNOWN,After-cost replication validity: a cost model built on an undated dynamic page cannot be shown to describe the period it is tested on.,NO,IMPORTANT,OPEN,UNKNOWN,2026-09-20T18:48:51Z,PUBLIC_RESEARCH,M1_BLOCKING,1,MEDIUM,LOW,SMALL,STAGE_M1_BLOCKING,"Surfaced by primary research: several venues publish fees without dates, so the project must create the version record the venue does not.",UNKNOWN
