dimension,state,horizon_ms,observations,mean_signed_mid_move_bps,block_bootstrap_se_bps,ci_low_bps,ci_high_bps,hurdle_bps,required_over_signal,mean_abs_deviation_over_half_spread,mean_abs_microprice_adjustment_bps,mean_price_usd,mean_spread_bps,eligible_for_best
imbalance_x_spread,"[-1.0,-0.8)|ONE_TICK",100,17495,0.04130106761037458,0.003282247471267721,0.03487242631366243,0.04766179447172558,3.004705053238347,72.75126835906738,0.4177195754726237,0.3600065828990359,76.81741783366677,1.7223058405852725,True
imbalance_x_spread,"[-1.0,-0.8)|WIDER_THAN_ONE_TICK",100,3928,0.03528538271981524,0.006054017507040193,0.0243285915667103,0.047785292821304434,4.044843467005866,114.63226852671774,0.06979921947993664,0.08672502639448523,103.23920824847251,3.105412264712476,False
imbalance_x_spread,"[-0.8,-0.6)|ONE_TICK",100,43858,0.025577448353799548,0.0013330436399215065,0.023151656282108597,0.02832223407579963,3.3528838149824907,131.08750210747343,0.32800908074286106,0.3179436580782499,69.02134570659857,1.939073904113315,True
imbalance_x_spread,"[-0.8,-0.6)|WIDER_THAN_ONE_TICK",100,10141,0.02540138497193094,0.003590460786540952,0.018383090426891253,0.032378153983411886,4.27125586162869,168.1505109405852,0.15525250804358093,0.24294313050135807,91.46474016369194,3.2880074081804245,True
imbalance_x_spread,"[-0.6,-0.4)|ONE_TICK",100,64418,0.016987787606692555,0.0011335409081002202,0.014822011052624593,0.019327080568457503,4.008143823731932,235.942661665541,0.24933727362181085,0.29397884328973795,65.14681874631313,2.344709211325167,True
imbalance_x_spread,"[-0.6,-0.4)|WIDER_THAN_ONE_TICK",100,14894,0.005296230205677006,0.002506435060061585,0.0006048041003724206,0.010333996295939177,4.1084600615418845,775.7329085012287,0.0923773593818271,0.13580830190244955,92.62758526923592,3.1425455469729084,True
imbalance_x_spread,"[-0.4,-0.2)|ONE_TICK",100,87982,0.009637445859064954,0.0007333130616902375,0.008335822820858622,0.01118143118091328,4.556332126023308,472.7738233400953,0.12494151523952524,0.1681145978650502,63.67312757154872,2.683151695273999,True
imbalance_x_spread,"[-0.4,-0.2)|WIDER_THAN_ONE_TICK",100,22739,0.010400131383001703,0.0018905671147771317,0.0067250382213634155,0.013979552323057195,4.181150278561186,402.0286018112221,0.018506243459361287,0.025218761855419436,91.1672481199701,3.210054462426644,True
imbalance_x_spread,"[-0.2,0.0)|ONE_TICK",100,80360,-0.0004402755043623564,0.000728257870568378,-0.0018789793908006774,0.0009992763366043426,5.326818601799553,inf,0.028718421557688265,0.04804175036619154,59.72167994026881,3.1605345570626775,True
imbalance_x_spread,"[-0.2,0.0)|WIDER_THAN_ONE_TICK",100,17098,0.005339763853438159,0.002196639158612026,0.0010928362347421183,0.009688262803633102,4.056229122849059,759.6270610801151,0.024930893076027277,0.03688221591619707,91.09933442507895,3.0690633437712305,True
imbalance_x_spread,"[0.0,0.2)|ONE_TICK",100,78591,0.0011100577289462105,0.000628352378138939,-4.594964175644343e-05,0.002326441925303959,4.347998186463042,3916.911772318943,0.06062214161863937,0.07959762253467831,62.1087150564314,2.556438058933627,True
imbalance_x_spread,"[0.0,0.2)|WIDER_THAN_ONE_TICK",100,15944,0.0016617690127607534,0.0033273991147297925,-0.005496048508599142,0.007699893759702857,4.045216287751249,2434.2831384434076,0.016431708548924753,0.022045011063758543,92.43855274711491,3.065073328203312,True
imbalance_x_spread,"[0.2,0.4)|ONE_TICK",100,88964,0.008029245454941037,0.0007214119871140572,0.006675837647149176,0.00949862031412454,3.4705815825120494,432.2425565376536,0.1486293607150686,0.1472733551178962,66.30329380423542,2.01323346822931,True
imbalance_x_spread,"[0.2,0.4)|WIDER_THAN_ONE_TICK",100,21663,0.010540216676259175,0.001981164984041604,0.006858925073406396,0.014506539732471175,4.1514871258208945,393.8711369351372,0.05068157995542198,0.06908178282120903,91.598974749573,3.1788402844191044,True
imbalance_x_spread,"[0.4,0.6)|ONE_TICK",100,65380,0.016339047281537494,0.001040981384409256,0.014358496952052689,0.01847288347283695,3.2731041140187758,200.3240493536768,0.279871330662052,0.26387453962900514,67.09646665646987,1.8913479169302219,True
imbalance_x_spread,"[0.4,0.6)|WIDER_THAN_ONE_TICK",100,12763,0.019697381315614167,0.0029688126999936394,0.014366087992202691,0.025912804716702445,4.0022731652848,203.1880837942751,0.08275194391488015,0.11274977889534112,94.19144911071064,3.04104412797148,True
imbalance_x_spread,"[0.6,0.8)|ONE_TICK",100,46530,0.028096077933897463,0.0016542900952602208,0.025075526703574425,0.03153570359466835,3.1640706057386057,112.61609585447532,0.3941432758123951,0.35705395685497743,69.1308465506125,1.8225539378952789,True
imbalance_x_spread,"[0.6,0.8)|WIDER_THAN_ONE_TICK",100,8564,0.022696674122103785,0.0032160383108530604,0.016678153426847895,0.029312552405511665,4.115239189455862,181.3146352331914,0.13357002842723123,0.18908523812963504,91.95578818309201,3.153802281031742,False
imbalance_x_spread,"[0.8,1.0]|ONE_TICK",100,21677,0.03961993735732028,0.003600981770246121,0.03252086741467705,0.046704117881187224,2.8484063422559123,71.8932570883945,0.49306347025788927,0.39470622765672897,77.62265927019422,1.6265719143604742,True
imbalance_x_spread,"[0.8,1.0]|WIDER_THAN_ONE_TICK",100,3954,0.03875926682829663,0.006463571491265121,0.02654559610053826,0.05182915837372628,4.028360779771506,103.93284263134092,0.1676519323336709,0.23124274652535026,99.41924633282751,3.106719470771402,False
imbalance_x_spread,"[-1.0,-0.8)|ONE_TICK",250,17495,0.08278810004986514,0.0059986132343338655,0.07121290177042033,0.09495879950667482,3.012045319522348,36.382587808007735,0.4177195754726237,0.3600065828990359,76.81741783366677,1.7223058405852725,True
imbalance_x_spread,"[-1.0,-0.8)|WIDER_THAN_ONE_TICK",250,3928,0.05082774247171153,0.008853504214247625,0.03401971628787957,0.06922244360484658,4.030221372158587,79.2917642250515,0.06979921947993664,0.08672502639448523,103.23920824847251,3.105412264712476,False
imbalance_x_spread,"[-0.8,-0.6)|ONE_TICK",250,43858,0.057472717140448534,0.002776652859014525,0.05242361566528076,0.0632356497233805,3.3591980066190037,58.44856783802283,0.32800908074286106,0.3179436580782499,69.02134570659857,1.939073904113315,True
imbalance_x_spread,"[-0.8,-0.6)|WIDER_THAN_ONE_TICK",250,10141,0.053065432009062885,0.005964083916275796,0.041124971875621114,0.06441733750889016,4.25836597525471,80.24745703620083,0.15525250804358093,0.24294313050135807,91.46474016369194,3.2880074081804245,True
imbalance_x_spread,"[-0.6,-0.4)|ONE_TICK",250,64418,0.03569962811986342,0.001884260826873079,0.032149557494965855,0.039712170982434715,4.012269736908486,112.3896787786437,0.24933727362181085,0.29397884328973795,65.14681874631313,2.344709211325167,True
imbalance_x_spread,"[-0.6,-0.4)|WIDER_THAN_ONE_TICK",250,14894,0.019681507487901876,0.003652451574783741,0.012435773505976284,0.02675591383282109,4.08886575686916,207.75165517085344,0.0923773593818271,0.13580830190244955,92.62758526923592,3.1425455469729084,True
imbalance_x_spread,"[-0.4,-0.2)|ONE_TICK",250,87982,0.01785585682942628,0.0011529823355021728,0.015719702470139388,0.020223093282914748,4.560556293478945,255.40954640514323,0.12494151523952524,0.1681145978650502,63.67312757154872,2.683151695273999,True
imbalance_x_spread,"[-0.4,-0.2)|WIDER_THAN_ONE_TICK",250,22739,0.014390829024576283,0.0033675377534492026,0.007846879552848369,0.021067859009427575,4.1613699676893035,289.168189030849,0.018506243459361287,0.025218761855419436,91.1672481199701,3.210054462426644,True
imbalance_x_spread,"[-0.2,0.0)|ONE_TICK",250,80360,-0.0008038646129140426,0.0011826896701394676,-0.0031251551565331798,0.0015233470582152883,5.328902873780867,inf,0.028718421557688265,0.04804175036619154,59.72167994026881,3.1605345570626775,True
imbalance_x_spread,"[-0.2,0.0)|WIDER_THAN_ONE_TICK",250,17098,0.006136420352342045,0.002961010494390998,0.00038991035795107073,0.012138916284295958,4.026422002796289,656.1515951656655,0.024930893076027277,0.03688221591619707,91.09933442507895,3.0690633437712305,True
imbalance_x_spread,"[0.0,0.2)|ONE_TICK",250,78591,0.004461103842326136,0.001065555022628128,0.002444008897178065,0.0064788770715909294,4.350505707189859,975.2083477441295,0.06062214161863937,0.07959762253467831,62.1087150564314,2.556438058933627,True
imbalance_x_spread,"[0.0,0.2)|WIDER_THAN_ONE_TICK",250,15944,-1.5967661071133403e-06,0.004297667503709791,-0.00898116675362024,0.007740825247456644,4.016148699151789,inf,0.016431708548924753,0.022045011063758543,92.43855274711491,3.065073328203312,True
imbalance_x_spread,"[0.2,0.4)|ONE_TICK",250,88964,0.017760920705594208,0.0010903388433044778,0.01573549082026012,0.019969626863076136,3.4750978643700723,195.65978149294426,0.1486293607150686,0.1472733551178962,66.30329380423542,2.01323346822931,True
imbalance_x_spread,"[0.2,0.4)|WIDER_THAN_ONE_TICK",250,21663,0.019160961566949776,0.002895037299814267,0.01357300673002383,0.02504801242408885,4.1299354635577314,215.53905053916216,0.05068157995542198,0.06908178282120903,91.598974749573,3.1788402844191044,True
imbalance_x_spread,"[0.4,0.6)|ONE_TICK",250,65380,0.03408082381119792,0.00169001992493418,0.030827174566455503,0.0374385416039007,3.2776683130756408,96.17338862562057,0.279871330662052,0.26387453962900514,67.09646665646987,1.8913479169302219,True
imbalance_x_spread,"[0.4,0.6)|WIDER_THAN_ONE_TICK",250,12763,0.03966560349318692,0.003798922614171081,0.03249457677857036,0.04712282006774155,3.9797598354974477,100.33276907487422,0.08275194391488015,0.11274977889534112,94.19144911071064,3.04104412797148,True
imbalance_x_spread,"[0.6,0.8)|ONE_TICK",250,46530,0.06112034997845619,0.0032317830940012475,0.05489450380653428,0.06773503964138913,3.1714629701452446,51.88882215601068,0.3941432758123951,0.35705395685497743,69.1308465506125,1.8225539378952789,True
imbalance_x_spread,"[0.6,0.8)|WIDER_THAN_ONE_TICK",250,8564,0.04296115500862048,0.005008085563645192,0.033411109101393034,0.05292494860255847,4.0972137517704,95.37019549284145,0.13357002842723123,0.18908523812963504,91.95578818309201,3.153802281031742,False
imbalance_x_spread,"[0.8,1.0]|ONE_TICK",250,21677,0.0725814123907202,0.006003213868848273,0.060835004980480244,0.08459838030706761,2.8560997107141923,39.350291164619925,0.49306347025788927,0.39470622765672897,77.62265927019422,1.6265719143604742,True
imbalance_x_spread,"[0.8,1.0]|WIDER_THAN_ONE_TICK",250,3954,0.06714398759548008,0.00866494531999796,0.050069375695459994,0.08462475108274346,4.01534620116419,59.802021669539485,0.1676519323336709,0.23124274652535026,99.41924633282751,3.106719470771402,False
imbalance_x_spread,"[-1.0,-0.8)|ONE_TICK",500,17495,0.13800759629248763,0.009426032203505089,0.1197856273342556,0.15658286367720287,3.0193328747612362,21.878019441496438,0.4177195754726237,0.3600065828990359,76.81741783366677,1.7223058405852725,True
imbalance_x_spread,"[-1.0,-0.8)|WIDER_THAN_ONE_TICK",500,3928,0.08357542506963597,0.012596197090595992,0.059855601703705505,0.1093744785089872,4.014972313279273,48.04010640608712,0.06979921947993664,0.08672502639448523,103.23920824847251,3.105412264712476,False
imbalance_x_spread,"[-0.8,-0.6)|ONE_TICK",500,43858,0.09305270652080633,0.00414428873000592,0.08544533206180115,0.10139898566332568,3.366524634804522,36.17868582953873,0.32800908074286106,0.3179436580782499,69.02134570659857,1.939073904113315,True
imbalance_x_spread,"[-0.8,-0.6)|WIDER_THAN_ONE_TICK",500,10141,0.08044258430776216,0.00851283931502772,0.06402414076662057,0.09748853130783713,4.237289676246685,52.67470846082472,0.15525250804358093,0.24294313050135807,91.46474016369194,3.2880074081804245,True
imbalance_x_spread,"[-0.6,-0.4)|ONE_TICK",500,64418,0.06458829264272999,0.0030232820911783673,0.058945455516141006,0.07064024890169927,4.017822391905594,62.20666668075855,0.24933727362181085,0.29397884328973795,65.14681874631313,2.344709211325167,True
imbalance_x_spread,"[-0.6,-0.4)|WIDER_THAN_ONE_TICK",500,14894,0.042784101248195275,0.0053782514321018635,0.03225143932851841,0.05339622583765505,4.064206238914709,94.99337651941785,0.0923773593818271,0.13580830190244955,92.62758526923592,3.1425455469729084,True
imbalance_x_spread,"[-0.4,-0.2)|ONE_TICK",500,87982,0.031785075283828276,0.0017244850996135897,0.028543031089348806,0.03521514562601545,4.565988752590064,143.651972248534,0.12494151523952524,0.1681145978650502,63.67312757154872,2.683151695273999,True
imbalance_x_spread,"[-0.4,-0.2)|WIDER_THAN_ONE_TICK",500,22739,0.020967401731749387,0.004599103588179344,0.01221280925783303,0.030634284216823075,4.135600613232835,197.23953717024466,0.018506243459361287,0.025218761855419436,91.1672481199701,3.210054462426644,True
imbalance_x_spread,"[-0.2,0.0)|ONE_TICK",500,80360,0.0019926408981096877,0.0017633600657342343,-0.0013729062844747791,0.0055179103012561815,5.332122126177382,2675.907199955437,0.028718421557688265,0.04804175036619154,59.72167994026881,3.1605345570626775,True
imbalance_x_spread,"[-0.2,0.0)|WIDER_THAN_ONE_TICK",500,17098,0.006745887209297912,0.003819370100119186,-0.0007026352873474412,0.014080345987256365,3.993774807404239,592.0310677444453,0.024930893076027277,0.03688221591619707,91.09933442507895,3.0690633437712305,True
imbalance_x_spread,"[0.0,0.2)|ONE_TICK",500,78591,0.007544797237988872,0.0015772906873925154,0.004583547786158406,0.010621753858252498,4.353782500695094,577.0575886086543,0.06062214161863937,0.07959762253467831,62.1087150564314,2.556438058933627,True
imbalance_x_spread,"[0.0,0.2)|WIDER_THAN_ONE_TICK",500,15944,-0.004733997938526285,0.005318319239192969,-0.015714729296903176,0.00538544970230831,3.9811476635403875,inf,0.016431708548924753,0.022045011063758543,92.43855274711491,3.065073328203312,True
imbalance_x_spread,"[0.2,0.4)|ONE_TICK",500,88964,0.029753228801689367,0.0016723790234704381,0.026619684624557185,0.033061727005390076,3.4811224207812934,116.99982022064233,0.1486293607150686,0.1472733551178962,66.30329380423542,2.01323346822931,True
imbalance_x_spread,"[0.2,0.4)|WIDER_THAN_ONE_TICK",500,21663,0.030566982787904283,0.004652029489322475,0.02162612637984751,0.039691314626984,4.102443559715859,134.2115964857102,0.05068157995542198,0.06908178282120903,91.598974749573,3.1788402844191044,True
imbalance_x_spread,"[0.4,0.6)|ONE_TICK",500,65380,0.059261717154318924,0.0025165151211211678,0.05437860663459651,0.06416684338675249,3.2832003429566927,55.40170789191209,0.279871330662052,0.26387453962900514,67.09646665646987,1.8913479169302219,True
imbalance_x_spread,"[0.4,0.6)|WIDER_THAN_ONE_TICK",500,12763,0.061927441307358944,0.005669227617387011,0.05083787503646106,0.07303680609852131,3.950013206905273,63.784537573585915,0.08275194391488015,0.11274977889534112,94.19144911071064,3.04104412797148,True
imbalance_x_spread,"[0.6,0.8)|ONE_TICK",500,46530,0.09832300952117305,0.004660420668619347,0.0895232544590987,0.10796536561004506,3.17888284842396,32.33101655355061,0.3941432758123951,0.35705395685497743,69.1308465506125,1.8225539378952789,True
imbalance_x_spread,"[0.6,0.8)|WIDER_THAN_ONE_TICK",500,8564,0.07086106114898963,0.008180396045503763,0.05621993878049245,0.08795423078247261,4.0739714173401955,57.492385116480634,0.13357002842723123,0.18908523812963504,91.95578818309201,3.153802281031742,False
imbalance_x_spread,"[0.8,1.0]|ONE_TICK",500,21677,0.12512221552081715,0.009739430505972577,0.10597440955492807,0.14519699767315353,2.864474440749166,22.893412083744558,0.49306347025788927,0.39470622765672897,77.62265927019422,1.6265719143604742,True
imbalance_x_spread,"[0.8,1.0]|WIDER_THAN_ONE_TICK",500,3954,0.08896295296921757,0.011554017408564064,0.06541606802041906,0.11094291259853642,4.000656660020802,44.96991754989389,0.1676519323336709,0.23124274652535026,99.41924633282751,3.106719470771402,False
imbalance_x_spread,"[-1.0,-0.8)|ONE_TICK",1000,17495,0.21623984462789347,0.013025951081064973,0.19141130036241816,0.24154479291794123,3.030679580127227,14.015361439712622,0.4177195754726237,0.3600065828990359,76.81741783366677,1.7223058405852725,True
imbalance_x_spread,"[-1.0,-0.8)|WIDER_THAN_ONE_TICK",1000,3928,0.13077903698402185,0.018761969211428284,0.09554709525252342,0.16766633602274955,3.9876887800909437,30.49180413049032,0.06979921947993664,0.08672502639448523,103.23920824847251,3.105412264712476,False
imbalance_x_spread,"[-0.8,-0.6)|ONE_TICK",1000,43858,0.15366839269529053,0.0059840592238684705,0.14212870088613264,0.1656594760600857,3.376495844629929,21.972611188334557,0.32800908074286106,0.3179436580782499,69.02134570659857,1.939073904113315,True
imbalance_x_spread,"[-0.8,-0.6)|WIDER_THAN_ONE_TICK",1000,10141,0.12311260948164084,0.01424494460820559,0.09594307273397983,0.15132941162114352,4.201318057226269,34.12581436552841,0.15525250804358093,0.24294313050135807,91.46474016369194,3.2880074081804245,True
imbalance_x_spread,"[-0.6,-0.4)|ONE_TICK",1000,64418,0.1043760013588298,0.004231927997538922,0.09643558147339129,0.11274847596697686,4.025810368429541,38.570268222763005,0.24933727362181085,0.29397884328973795,65.14681874631313,2.344709211325167,True
imbalance_x_spread,"[-0.6,-0.4)|WIDER_THAN_ONE_TICK",1000,14894,0.06914946026394168,0.007654432562889315,0.053731510685639465,0.08440011778843148,4.0277381433362445,58.24684860825339,0.0923773593818271,0.13580830190244955,92.62758526923592,3.1425455469729084,True
imbalance_x_spread,"[-0.4,-0.2)|ONE_TICK",1000,87982,0.05607815846536427,0.0026326124896096075,0.05101209853975479,0.061427111500354535,4.574665284138499,81.57659611743428,0.12494151523952524,0.1681145978650502,63.67312757154872,2.683151695273999,True
imbalance_x_spread,"[-0.4,-0.2)|WIDER_THAN_ONE_TICK",1000,22739,0.030709925702697528,0.006293195686541309,0.018596948188725503,0.04299107096214262,4.0993959186195035,133.4876534155671,0.018506243459361287,0.025218761855419436,91.1672481199701,3.210054462426644,True
imbalance_x_spread,"[-0.2,0.0)|ONE_TICK",1000,80360,0.0037208474525148518,0.0025052233373112826,-0.0011061909934587302,0.008747597083954943,5.337038569970648,1434.3610261053414,0.028718421557688265,0.04804175036619154,59.72167994026881,3.1605345570626775,True
imbalance_x_spread,"[-0.2,0.0)|WIDER_THAN_ONE_TICK",1000,17098,0.013212304511364034,0.005458970051461259,0.0023086621179046994,0.023833236426541917,3.9427041601106882,298.4115418108574,0.024930893076027277,0.03688221591619707,91.09933442507895,3.0690633437712305,True
imbalance_x_spread,"[0.0,0.2)|ONE_TICK",1000,78591,0.015348987421253773,0.0024370476174875536,0.010471733896017067,0.019898079140560108,4.359048348109201,283.99582516259136,0.06062214161863937,0.07959762253467831,62.1087150564314,2.556438058933627,True
imbalance_x_spread,"[0.0,0.2)|WIDER_THAN_ONE_TICK",1000,15944,0.002529657715177156,0.006619113614546929,-0.010978103961957527,0.015267773477153806,3.928876832333534,1553.125867093204,0.016431708548924753,0.022045011063758543,92.43855274711491,3.065073328203312,True
imbalance_x_spread,"[0.2,0.4)|ONE_TICK",1000,88964,0.05102681322506313,0.002527772500487604,0.04604260853583145,0.05602282066697135,3.489860155489135,68.3926730853535,0.1486293607150686,0.1472733551178962,66.30329380423542,2.01323346822931,True
imbalance_x_spread,"[0.2,0.4)|WIDER_THAN_ONE_TICK",1000,21663,0.04413919362384198,0.0074233223713608175,0.029804635305303195,0.05931027790501134,4.063188771269528,92.05398734504244,0.05068157995542198,0.06908178282120903,91.598974749573,3.1788402844191044,True
imbalance_x_spread,"[0.4,0.6)|ONE_TICK",1000,65380,0.10283033290309126,0.003942878977481488,0.09533132688913373,0.11076957777195623,3.291511393517284,32.009148473916255,0.279871330662052,0.26387453962900514,67.09646665646987,1.8913479169302219,True
imbalance_x_spread,"[0.4,0.6)|WIDER_THAN_ONE_TICK",1000,12763,0.09199762734059636,0.009141236718824287,0.07419784154367318,0.11088751314847298,3.9136121300485156,42.54035938948104,0.08275194391488015,0.11274977889534112,94.19144911071064,3.04104412797148,True
imbalance_x_spread,"[0.6,0.8)|ONE_TICK",1000,46530,0.16201784248836287,0.00719353187005914,0.14832670816965576,0.1765302362822416,3.1889333072187203,19.682605682443704,0.3941432758123951,0.35705395685497743,69.1308465506125,1.8225539378952789,True
imbalance_x_spread,"[0.6,0.8)|WIDER_THAN_ONE_TICK",1000,8564,0.10935636749509249,0.011657028904721518,0.0879086592167457,0.1336356235156432,4.033939539269388,36.888016963899396,0.13357002842723123,0.18908523812963504,91.95578818309201,3.153802281031742,False
imbalance_x_spread,"[0.8,1.0]|ONE_TICK",1000,21677,0.2010452442047965,0.014958772696087962,0.1707954624402033,0.23085013975922464,2.876077651023889,14.305623902717874,0.49306347025788927,0.39470622765672897,77.62265927019422,1.6265719143604742,True
imbalance_x_spread,"[0.8,1.0]|WIDER_THAN_ONE_TICK",1000,3954,0.11372219313008076,0.016296114862786242,0.08207489990871068,0.1442973418117553,3.98200274985752,35.0151772513103,0.1676519323336709,0.23124274652535026,99.41924633282751,3.106719470771402,False
imbalance_x_spread,"[-1.0,-0.8)|ONE_TICK",2000,17491,0.3117780261559498,0.018106196325587163,0.27724116028292706,0.3478995347669277,3.046845149169517,9.772482001812085,0.4177111490630238,0.3599824384782309,76.82245640615173,1.7222312488772,True
imbalance_x_spread,"[-1.0,-0.8)|WIDER_THAN_ONE_TICK",2000,3927,0.1960951945417691,0.03396089895905196,0.13410124809800678,0.26510246405883936,3.961269932149656,20.200749648181148,0.06979778782266037,0.08671682234220468,103.24127705627706,3.105399872459013,False
imbalance_x_spread,"[-0.8,-0.6)|ONE_TICK",2000,43856,0.2403424913056996,0.009249471226746627,0.22270159127467518,0.2585816358626221,3.3882412243849154,14.097553894768025,0.32800744496552253,0.3179406455116801,69.022286346224,1.9390660812870706,True
imbalance_x_spread,"[-0.8,-0.6)|WIDER_THAN_ONE_TICK",2000,10141,0.172052245856437,0.022155158843287108,0.12803199172964427,0.21578203167857746,4.156363580458486,24.15756655642042,0.15525250804358093,0.24294313050135807,91.46474016369194,3.2880074081804245,True
imbalance_x_spread,"[-0.6,-0.4)|ONE_TICK",2000,64417,0.16512878355972954,0.006515885434702423,0.1524271045407883,0.1785093365329856,4.036281942924789,24.44323670236937,0.24933660018235995,0.29397825316367465,65.14714570687862,2.3447103967881526,True
imbalance_x_spread,"[-0.6,-0.4)|WIDER_THAN_ONE_TICK",2000,14894,0.08992170111770381,0.014023711333919721,0.06200112199939192,0.11764687304751559,3.975772324258025,44.21371342890747,0.0923773593818271,0.13580830190244955,92.62758526923592,3.1425455469729084,True
imbalance_x_spread,"[-0.4,-0.2)|ONE_TICK",2000,87981,0.09096226514599118,0.004395633656718324,0.0826034514847401,0.10010514782869805,4.587369921596254,50.43157087429265,0.12494099409524446,0.16811518980342763,63.6730147986497,2.6831667481119315,True
imbalance_x_spread,"[-0.4,-0.2)|WIDER_THAN_ONE_TICK",2000,22738,0.04361994355858475,0.011178036630094992,0.021953178431247826,0.06576705518436518,4.0413934903497495,92.65013112458215,0.01850589771573663,0.02521904500717389,91.16508290087079,3.210132989695442,True
imbalance_x_spread,"[-0.2,0.0)|ONE_TICK",2000,80357,0.005866037853943942,0.003962168196932453,-0.0019952448726897262,0.013478626902249546,5.34568606883756,911.294165148196,0.028717478320562623,0.048041981386325656,59.72144138034024,3.160594661126119,True
imbalance_x_spread,"[-0.2,0.0)|WIDER_THAN_ONE_TICK",2000,17097,0.022033561203514088,0.010629206468649779,0.0007286816661102259,0.04243484091942528,3.877515802219371,175.9822557236437,0.02493113315804458,0.036883201316037194,91.09858279230274,3.0691303181772525,True
imbalance_x_spread,"[0.0,0.2)|ONE_TICK",2000,78590,0.02780639752020443,0.004251900736089287,0.019673304359434176,0.035973763024448886,4.366890498243253,157.0462514991459,0.0606223269253248,0.07959829523317918,62.10840908512534,2.5564558186908264,True
imbalance_x_spread,"[0.0,0.2)|WIDER_THAN_ONE_TICK",2000,15942,-0.004098674073129905,0.010847240946532655,-0.024118395299575095,0.016987908011087353,3.858949058223996,inf,0.016430957860477755,0.022022577882964047,92.44621032492786,3.063209510880581,True
imbalance_x_spread,"[0.2,0.4)|ONE_TICK",2000,88963,0.08549934070608056,0.0043863417543115535,0.0769705694407984,0.09408082572458366,3.5030880198917833,40.97210564388188,0.14862941116398323,0.14727344344959759,66.30345801063363,2.0132343541078206,True
imbalance_x_spread,"[0.2,0.4)|WIDER_THAN_ONE_TICK",2000,21662,0.06396087109869882,0.013594369063310945,0.03898008324117371,0.09138512412473722,4.00836254974039,62.66897996987933,0.05068080454113016,0.06907929057750657,91.60067214476963,3.178818642933098,True
imbalance_x_spread,"[0.4,0.6)|ONE_TICK",2000,65378,0.1622012845500868,0.006148472419338333,0.15077559118463713,0.17444814601306136,3.3025606010139805,20.36087821483417,0.27987144535721903,0.2638768830945834,67.09573755697635,1.8913642810313078,True
imbalance_x_spread,"[0.4,0.6)|WIDER_THAN_ONE_TICK",2000,12761,0.13755214869764515,0.01575024307823365,0.10793770959618776,0.168682066032828,3.8550932259237713,28.02641225472743,0.08275171240023296,0.11273284896724478,94.19802053130633,3.040725189844992,True
imbalance_x_spread,"[0.6,0.8)|ONE_TICK",2000,46526,0.24712660184395988,0.010270351652829463,0.22726950677552338,0.26770539983335034,3.201969908014375,12.956799810795584,0.3941422713972562,0.357049111879832,69.13153419593347,1.8225354697200327,True
imbalance_x_spread,"[0.6,0.8)|WIDER_THAN_ONE_TICK",2000,8563,0.16656035032731298,0.018752236766254458,0.1319952458948621,0.2061431143000339,3.9801305777948284,23.896026695269004,0.13357753156588045,0.18909956634468425,91.94214060492818,3.153946888873411,False
imbalance_x_spread,"[0.8,1.0]|ONE_TICK",2000,21676,0.2907258146426298,0.021130998408280328,0.24774772454010321,0.3329521215323551,2.8913816659008265,9.945390193351122,0.4930601191503966,0.3946969450982616,77.62405056283447,1.6265497588136053,True
imbalance_x_spread,"[0.8,1.0]|WIDER_THAN_ONE_TICK",2000,3953,0.19012968236515387,0.03198659901895303,0.1264691785990932,0.25046101570553114,3.960464171843541,20.830330764647602,0.16766391252274707,0.23122167219322773,99.42988489754617,3.1061824229119464,False
imbalance_x_spread,"[-1.0,-0.8)|ONE_TICK",5000,17485,0.4416108138981317,0.02834008810157324,0.38721609115949546,0.4968263930474007,3.068199919545634,6.947746348107746,0.41769850221979093,0.35994344368794107,76.83143866171004,1.7221071651142001,True
imbalance_x_spread,"[-1.0,-0.8)|WIDER_THAN_ONE_TICK",5000,3925,0.26494193729398835,0.06123745799549383,0.14568587420477652,0.3878349003102634,3.93675807998814,14.858946530687524,0.0697757066921721,0.0866727697321868,103.2605949044586,3.1054223026194054,False
imbalance_x_spread,"[-0.8,-0.6)|ONE_TICK",5000,43854,0.35585842970813364,0.01549793219909869,0.3258202733962268,0.38683003520088005,3.405315338181581,9.56929793956135,0.32800580903898185,0.31793888686536503,69.02304738450313,1.9390651512315706,True
imbalance_x_spread,"[-0.8,-0.6)|WIDER_THAN_ONE_TICK",5000,10136,0.19157361547458399,0.04327799546845633,0.10442056430960682,0.27312289188972494,4.07180186831992,21.254502391850117,0.15528279474654502,0.2429858566970194,91.46908050513022,3.2878558904299813,True
imbalance_x_spread,"[-0.6,-0.4)|ONE_TICK",5000,64410,0.26327091494362653,0.011736660119826091,0.23997242014079706,0.2858634287978804,4.052409342236264,15.392544759849356,0.24933188552069496,0.2939777689759291,65.14848672566372,2.3447436156410095,True
imbalance_x_spread,"[-0.6,-0.4)|WIDER_THAN_ONE_TICK",5000,14892,0.14428516866283023,0.027785356364996065,0.09047063840561823,0.19870623450238836,3.8852509792627,26.927583862357103,0.09237946892898873,0.13580163125675782,92.63153035186677,3.142353607926276,True
imbalance_x_spread,"[-0.4,-0.2)|ONE_TICK",5000,87977,0.14300706861015858,0.008106505836407419,0.1275087428937168,0.1588953461471217,4.606327712542051,32.210489714316395,0.12493890939964859,0.16811521597297233,63.672815338099724,2.6831995410593583,True
imbalance_x_spread,"[-0.4,-0.2)|WIDER_THAN_ONE_TICK",5000,22735,0.05456755171346974,0.022559879183340324,0.010346225518126724,0.10018314106676592,3.967987359002894,72.71697619564294,0.01850602008957229,0.025218069199749112,91.16551088629865,3.2099674890118437,True
imbalance_x_spread,"[-0.2,0.0)|ONE_TICK",5000,80353,0.012440568399634077,0.008248035923233225,-0.0033194313053257966,0.028742985322617324,5.359896784060856,430.84018445801166,0.02871622056150088,0.04804002805660377,59.722708486304185,3.160591026561646,True
imbalance_x_spread,"[-0.2,0.0)|WIDER_THAN_ONE_TICK",5000,17094,0.04094193120033409,0.021931779391221196,-0.0043978409883350346,0.08301238151472151,3.7675947586418297,92.02288822690137,0.024932665795668676,0.036884486137470834,91.10132561132562,3.069027211509131,True
imbalance_x_spread,"[0.0,0.2)|ONE_TICK",5000,78587,0.05560763557863307,0.008266458443647163,0.03969098502857642,0.07201461838047568,4.381871997931815,78.79982582132166,0.06062288287367688,0.07960048342989656,62.106439423823275,2.556516482463062,True
imbalance_x_spread,"[0.0,0.2)|WIDER_THAN_ONE_TICK",5000,15937,-0.0361290392721158,0.021126803322668843,-0.07462965271318807,0.005870275435013882,3.758907789060583,inf,0.016432268389632042,0.022023341501579547,92.43128286377612,3.0631978204908688,True
imbalance_x_spread,"[0.2,0.4)|ONE_TICK",5000,88955,0.1377914477265965,0.00841370424671378,0.12108825091957937,0.15426760478695895,3.5223525412035657,25.56292570633672,0.14862981479613352,0.14727401014830505,66.30479596425158,2.0132394989479545,True
imbalance_x_spread,"[0.2,0.4)|WIDER_THAN_ONE_TICK",5000,21654,0.08781695827855543,0.025868117232109942,0.03777065543074573,0.1379715013729993,3.924315806686235,44.68744857044927,0.05067927297689661,0.06907743667669483,91.59593169853144,3.17891185790048,True
imbalance_x_spread,"[0.4,0.6)|ONE_TICK",5000,65370,0.2566547080068491,0.011132863353895496,0.23471909175590364,0.2784684550533715,3.319960105243017,12.935512194673711,0.279871904208069,0.2638505621686931,67.09700979042373,1.8911711935171174,True
imbalance_x_spread,"[0.4,0.6)|WIDER_THAN_ONE_TICK",5000,12756,0.18753006799785288,0.024417891128685542,0.13939784334028682,0.2360095895122785,3.7733299179200337,20.121199539922507,0.08274981267632033,0.11272118828552014,94.20547271872059,3.040630017333863,True
imbalance_x_spread,"[0.6,0.8)|ONE_TICK",5000,46513,0.3752085107167548,0.016245732828121324,0.3447398955451205,0.40866958300039224,3.218439788580227,8.577736636176223,0.39413900585497047,0.3569912043343836,69.13228248016685,1.8222676740849229,True
imbalance_x_spread,"[0.6,0.8)|WIDER_THAN_ONE_TICK",5000,8562,0.2985821760535431,0.04124639169073752,0.22154981804823803,0.3831462624470049,3.8886484628753273,13.023712648466992,0.13358503645718994,0.18910462888400797,91.94176944639104,3.15382410592818,False
imbalance_x_spread,"[0.8,1.0]|ONE_TICK",5000,21670,0.42584231967645775,0.030964728605573942,0.36730809005456233,0.48893918205311215,2.912406785452781,6.839167106889565,0.4930400060104467,0.39447193309136647,77.63110982925703,1.6258182390395872,True
imbalance_x_spread,"[0.8,1.0]|WIDER_THAN_ONE_TICK",5000,3951,0.37037914538263733,0.06670467314563605,0.23504966511992947,0.4953190975233371,3.9299639149497905,10.610651177159987,0.16767266782843082,0.23119803196814345,99.44677043786383,3.1057542232878124,False
imbalance_x_spread,"[-1.0,-0.8)|ONE_TICK",10000,17479,0.5335205564008856,0.04268239932355783,0.45221936833612814,0.6171938864213969,3.086271161977305,5.784727739071952,0.41768584669401804,0.35994744139350776,76.83124635276617,1.722172272317845,True
imbalance_x_spread,"[-1.0,-0.8)|WIDER_THAN_ONE_TICK",10000,3924,0.325107128943062,0.08745660252951926,0.14959548011175772,0.4928084773328983,3.877137721443325,11.92572348089713,0.06977426794831082,0.08668106130900995,103.23365443425077,3.1058478489711248,False
imbalance_x_spread,"[-0.8,-0.6)|ONE_TICK",10000,43840,0.42436840792387487,0.02235028697019099,0.37969142570155756,0.46696655426632966,3.4165603784122367,8.05093007541955,0.32799435337382266,0.3179352086332492,69.02367518248175,1.9391061091870956,True
imbalance_x_spread,"[-0.8,-0.6)|WIDER_THAN_ONE_TICK",10000,10134,0.15677548353503185,0.06488940535156415,0.021534416553669288,0.28199154850549607,4.008542660125627,25.56868312404158,0.15529532046662456,0.24301001926838486,91.45989342806395,3.288021629750802,True
imbalance_x_spread,"[-0.6,-0.4)|ONE_TICK",10000,64399,0.33073310352853175,0.017450839706643323,0.29747073465672075,0.3640430110671578,4.065126106691417,12.291258611010875,0.24932447469584806,0.2939830086348925,65.14890518486311,2.3448368313853067,True
imbalance_x_spread,"[-0.6,-0.4)|WIDER_THAN_ONE_TICK",10000,14888,0.20399455796853405,0.0457752807996332,0.11321953821166157,0.2950249500756782,3.8288310300859405,18.769280260292696,0.09237956991326311,0.13581052068709484,92.63014373992478,3.142597966497226,True
imbalance_x_spread,"[-0.4,-0.2)|ONE_TICK",10000,87966,0.1796425928605882,0.012503094920887867,0.155290429076241,0.20342608527853345,4.619583892412167,25.71541536364485,0.12493317550918118,0.16811707528742248,63.67324489007117,2.6833106669768907,True
imbalance_x_spread,"[-0.4,-0.2)|WIDER_THAN_ONE_TICK",10000,22730,0.05291152844297339,0.038370477461291984,-0.02203578207907865,0.1306241745762767,3.9099537363209893,73.89606483462354,0.01850537342004571,0.02521712230273522,91.16575186977562,3.2099910862083694,True
imbalance_x_spread,"[-0.2,0.0)|ONE_TICK",10000,80340,0.021690157155817666,0.014063644717962603,-0.005211945221836835,0.04978072262765063,5.370103114611071,247.58248988392964,0.028712131979586455,0.04803914347937955,59.72286681603187,3.1607816836610017,True
imbalance_x_spread,"[-0.2,0.0)|WIDER_THAN_ONE_TICK",10000,17094,0.008339386173020744,0.04273860904906059,-0.08169292721132133,0.09191670201753553,3.7115956924152456,445.06821190543434,0.024932665795668676,0.036884486137470834,91.10132561132562,3.069027211509131,True
imbalance_x_spread,"[0.0,0.2)|ONE_TICK",10000,78568,0.08859876618916875,0.01473741381943409,0.06078543878566963,0.11792433523162792,4.39424954028654,49.597186612105894,0.06062640486583143,0.07960653173372631,62.104621728948175,2.556561482411415,True
imbalance_x_spread,"[0.0,0.2)|WIDER_THAN_ONE_TICK",10000,15934,-0.06675803711047912,0.035273468447557764,-0.13285896707448314,0.003014336188686546,3.6984652774966555,inf,0.01643114189701807,0.02202275995404683,92.43179961089494,3.063352694598256,True
imbalance_x_spread,"[0.2,0.4)|ONE_TICK",10000,88930,0.18598707063872202,0.01431811172221264,0.15766933725975432,0.2139292687351805,3.536618447631569,19.015399487104208,0.148631076614663,0.14724310086890832,66.30785224333746,2.012802126438715,True
imbalance_x_spread,"[0.2,0.4)|WIDER_THAN_ONE_TICK",10000,21652,0.09725508869244848,0.038418789512380404,0.02108171939544973,0.17154942480300597,3.8722613133073627,39.81551366996008,0.05067772121896496,0.06907223607294131,91.59940259560317,3.1788622362021544,True
imbalance_x_spread,"[0.4,0.6)|ONE_TICK",10000,65357,0.32912702307209735,0.018618612733618062,0.29194857748339487,0.3662415193800353,3.3326210323515286,10.125637819844094,0.27987265008028117,0.2638177330962269,67.09833873953824,1.8909294397934058,True
imbalance_x_spread,"[0.4,0.6)|WIDER_THAN_ONE_TICK",10000,12754,0.22534445078834112,0.04140411313023872,0.14217336311044135,0.3009545965403931,3.7076133970645677,16.453093848523526,0.08274958070039984,0.11272516347880678,94.2018688254665,3.040760270443244,True
imbalance_x_spread,"[0.6,0.8)|ONE_TICK",10000,46503,0.4448976830413275,0.023762444360649563,0.39830484275186845,0.4919416224923119,3.226245924458965,7.251658184426355,0.3941364926569736,0.35699826378757377,69.13209072532955,1.8223159985550674,True
imbalance_x_spread,"[0.6,0.8)|WIDER_THAN_ONE_TICK",10000,8555,0.32283574850825364,0.0657075910496579,0.19339155213847514,0.450263015809815,3.8375545337247314,11.887018558065977,0.1336068286502609,0.18914435969055082,91.92282466393922,3.1541279206010997,False
imbalance_x_spread,"[0.8,1.0]|ONE_TICK",10000,21657,0.5093836366471173,0.04063119555439189,0.42965705514138675,0.5898952049830521,2.922854594960944,5.738022159879064,0.4929963893085322,0.3944078761899078,77.63733827399916,1.6257305465122023,True
imbalance_x_spread,"[0.8,1.0]|WIDER_THAN_ONE_TICK",10000,3949,0.5072778969864593,0.10981224990093999,0.28186660763521654,0.7229700948042642,3.9108425223504697,7.7094676223491385,0.1676662010269393,0.23118607670945596,99.45916181311723,3.1058968048171693,False
imbalance_x_spread,"[-1.0,-0.8)|ONE_TICK",15000,17470,0.5850870198319804,0.05293140055781067,0.48243000939628433,0.6937083169721626,3.0904217108453085,5.281986450037442,0.41766684710602675,0.3599557242627215,76.83051803091013,1.7222800536325478,True
imbalance_x_spread,"[-1.0,-0.8)|WIDER_THAN_ONE_TICK",15000,3923,0.24606146290939684,0.11410105944920174,0.01662810671353211,0.4646545262649041,3.8554657109679003,15.66871002627313,0.06976321575905323,0.08668935546190534,103.20670660209025,3.1063955627265822,False
imbalance_x_spread,"[-0.8,-0.6)|ONE_TICK",15000,43822,0.4391714698210285,0.028003968950658438,0.38226535808645484,0.4925989578156081,3.4227339142396755,7.793616273922599,0.3279796139061742,0.3179241405881806,69.02412144584912,1.9391239861487304,True
imbalance_x_spread,"[-0.8,-0.6)|WIDER_THAN_ONE_TICK",15000,10131,0.1444269376291993,0.08687210574062232,-0.03226162251576857,0.3140653417025992,3.9800365929990598,27.557439480004604,0.15530505554479906,0.24304213872993521,91.45137597473102,3.2883443930432583,True
imbalance_x_spread,"[-0.6,-0.4)|ONE_TICK",15000,64385,0.356560313343939,0.023037377523644674,0.31266624797227216,0.4010230183941715,4.072930014620201,11.422836087457222,0.24931503907462427,0.29399291590307647,65.1488631668867,2.3449776258215875,True
imbalance_x_spread,"[-0.6,-0.4)|WIDER_THAN_ONE_TICK",15000,14885,0.19965097152720587,0.06000236724426522,0.080025789235926,0.31514995598043094,3.8017685484693997,19.04207387215916,0.0923796456870865,0.13581666231582912,92.63039234128318,3.1427698312064254,True
imbalance_x_spread,"[-0.4,-0.2)|ONE_TICK",15000,87943,0.18592396122701801,0.01703231110207328,0.15205142412889955,0.2174813400591655,4.624370102114545,24.872372939968013,0.12492118183034374,0.16812317087882192,63.67096556860693,2.683568948590037,True
imbalance_x_spread,"[-0.4,-0.2)|WIDER_THAN_ONE_TICK",15000,22728,0.047583361288448096,0.049950433993172255,-0.055865112010941693,0.14408929427472406,3.883756670005191,81.62005719734763,0.01850545498159289,0.025216339476593446,91.16249604012671,3.20996162045314,True
imbalance_x_spread,"[-0.2,0.0)|ONE_TICK",15000,80325,0.02564477890780109,0.02032114463432636,-0.01356758350904927,0.06571121907886708,5.376780643797778,209.66375507188218,0.028707412740592422,0.04804044914906733,59.719371615312795,3.1610879491543438,True
imbalance_x_spread,"[-0.2,0.0)|WIDER_THAN_ONE_TICK",15000,17091,-0.016312791372789067,0.05351368158652911,-0.12659597893420219,0.08623958914497544,3.6863503648994618,inf,0.024933386605738794,0.03688416453144427,91.10655491194196,3.068913284040531,True
imbalance_x_spread,"[0.0,0.2)|ONE_TICK",15000,78554,0.10425316537036103,0.021279371875729865,0.06282689733636417,0.14610313212429912,4.397739648282317,42.18327215926037,0.06062900110815103,0.07959602368047357,62.107992336481914,2.5559447657332783,True
imbalance_x_spread,"[0.0,0.2)|WIDER_THAN_ONE_TICK",15000,15932,-0.12437004958889361,0.05198270983120506,-0.2222942031480684,-0.022478384272374374,3.675211021739252,inf,0.01643085964788807,0.0220215515270399,92.43398945518454,3.0633150159733047,True
imbalance_x_spread,"[0.2,0.4)|ONE_TICK",15000,88915,0.1894571555518772,0.020325069023011462,0.14967412189841137,0.23000156152629858,3.540647356828875,18.688380211954435,0.14863183404637162,0.147235296032317,66.3081742675589,2.0126887312502557,True
imbalance_x_spread,"[0.2,0.4)|WIDER_THAN_ONE_TICK",15000,21648,0.10076770246113714,0.05490423222633963,-0.006386544770957133,0.20871346157708318,3.8456055764137593,38.1630768836561,0.05067669489799887,0.06907248537844993,91.59779771803399,3.178979005111368,True
imbalance_x_spread,"[0.4,0.6)|ONE_TICK",15000,65341,0.36244666875646986,0.02489248921980578,0.3122122043120979,0.4124799145510252,3.337124743101219,9.207215932072627,0.2798735684842802,0.26382888228660917,67.09726197946159,1.891005310618097,True
imbalance_x_spread,"[0.4,0.6)|WIDER_THAN_ONE_TICK",15000,12753,0.2769730819921692,0.05448409408751299,0.16990381230925605,0.37892051449483005,3.6889782555617976,13.318905321153538,0.08274814375481483,0.11272544733999361,94.2019912961656,3.0408294201040693,True
imbalance_x_spread,"[0.6,0.8)|ONE_TICK",15000,46486,0.47354426113536224,0.02970228300329273,0.4149187859987955,0.5321195516314094,3.2284031592414193,6.817532011687885,0.39413221773886203,0.3569932701939204,69.1339859312481,1.8223144100932127,True
imbalance_x_spread,"[0.6,0.8)|WIDER_THAN_ONE_TICK",15000,8554,0.3642973263550537,0.0959620778908941,0.1749036233301156,0.5535881033390744,3.8258717652075243,10.502058314528309,0.13360624009804,0.18914897605422387,91.92274082300678,3.15424426772229,False
imbalance_x_spread,"[0.8,1.0]|ONE_TICK",15000,21653,0.5835684278786518,0.04959276157397658,0.48418523031749827,0.6831016701346608,2.9267091455692342,5.015194458357193,0.49298295824827065,0.39437606394591207,77.6420867778137,1.625660810434945,True
imbalance_x_spread,"[0.8,1.0]|WIDER_THAN_ONE_TICK",15000,3949,0.5707338215071682,0.14598310536256442,0.2781582648775647,0.8579230562176906,3.909753902300235,6.850398127756881,0.1676662010269393,0.23118607670945596,99.45916181311723,3.1058968048171693,False
