trading_day,unit,unit_id,observations,price_usd_count,price_usd_mean,price_usd_median,price_usd_std,price_usd_p01,price_usd_p05,price_usd_p25,price_usd_p75,price_usd_p95,price_usd_p99,price_usd_min,price_usd_max,spread_usd_count,spread_usd_mean,spread_usd_median,spread_usd_std,spread_usd_p01,spread_usd_p05,spread_usd_p25,spread_usd_p75,spread_usd_p95,spread_usd_p99,spread_usd_min,spread_usd_max,spread_ticks_count,spread_ticks_mean,spread_ticks_median,spread_ticks_std,spread_ticks_p01,spread_ticks_p05,spread_ticks_p25,spread_ticks_p75,spread_ticks_p95,spread_ticks_p99,spread_ticks_min,spread_ticks_max,bid_size_shares_count,bid_size_shares_mean,bid_size_shares_median,bid_size_shares_std,bid_size_shares_p01,bid_size_shares_p05,bid_size_shares_p25,bid_size_shares_p75,bid_size_shares_p95,bid_size_shares_p99,bid_size_shares_min,bid_size_shares_max,ask_size_shares_count,ask_size_shares_mean,ask_size_shares_median,ask_size_shares_std,ask_size_shares_p01,ask_size_shares_p05,ask_size_shares_p25,ask_size_shares_p75,ask_size_shares_p95,ask_size_shares_p99,ask_size_shares_min,ask_size_shares_max,staleness_ms_count,staleness_ms_mean,staleness_ms_median,staleness_ms_std,staleness_ms_p01,staleness_ms_p05,staleness_ms_p25,staleness_ms_p75,staleness_ms_p95,staleness_ms_p99,staleness_ms_min,staleness_ms_max,events_prior_100ms_bucket_count,events_prior_100ms_bucket_mean,events_prior_100ms_bucket_median,events_prior_100ms_bucket_std,events_prior_100ms_bucket_p01,events_prior_100ms_bucket_p05,events_prior_100ms_bucket_p25,events_prior_100ms_bucket_p75,events_prior_100ms_bucket_p95,events_prior_100ms_bucket_p99,events_prior_100ms_bucket_min,events_prior_100ms_bucket_max,one_tick_spread_fraction
2019-07-30,POOLED,ALL_DEV_SCOPE_SYMBOLS,14274000,14274000,155.95423169924337,69.885,310.40316270800844,9.845,14.425,46.895,120.115,327.89,1897.515,9.245,1909.755,14274000,0.048169094157208915,0.01,0.10799259539672984,0.01,0.01,0.01,0.03,0.27,0.55,0.01,7.93,14274000,4.816909415720891,1.0,10.799259539672985,1.0,1.0,1.0,3.0,27.0,55.0,1.0,793.0,14274000,773.5083377469525,300.0,1542.9746565446694,1.0,16.0,114.0,800.0,2814.0,6100.0,1.0,96911.0,14274000,730.1918435617206,300.0,1431.1335130135044,1.0,17.0,105.0,785.0,2762.0,5883.0,1.0,68938.0,14274000,584.6742746554861,245.898007,971.2984973468391,1.7540407999999998,11.951171150000004,84.55807525,654.71039925,2325.8093501499975,4701.09437096,6e-06,24667.984407,14274000,1.7029721171360515,0.0,7.49879968230094,0.0,0.0,0.0,1.0,7.0,28.0,0.0,1557.0,0.5864613282891972
2019-07-30,SYMBOL,AABA,234000,234000,70.72384799145298,70.71,0.0617821050518236,70.55,70.65,70.685,70.755,70.845,70.875,70.395,70.91,234000,0.012196581196581197,0.01,0.009305968093776741,0.01,0.01,0.01,0.01,0.02,0.04,0.01,1.08,234000,1.2196581196581198,1.0,0.9305968093776741,1.0,1.0,1.0,1.0,2.0,4.0,1.0,108.0,234000,677.1395555555556,520.0,529.2134937067924,20.0,100.0,300.0,900.0,1700.0,2497.0,1.0,5468.0,234000,576.422217948718,500.0,437.43388944554266,75.0,100.0,289.0,774.0,1456.0,2120.0,1.0,4025.0,234000,787.5057699608376,346.635616,1164.1157865249825,2.58075475,16.66966645,114.15381275,964.9125015,3064.370304349999,5699.80148367,0.000912,13986.349117,234000,1.0539316239316239,0.0,4.227776110659926,0.0,0.0,0.0,0.0,5.0,16.0,0.0,177.0,0.8567863247863248
2019-07-30,SYMBOL,AAL,234000,234000,30.63549452991453,30.655,0.10207371628256894,30.325,30.425,30.595,30.705,30.765,30.785,30.215,30.805,234000,0.01081957264957265,0.01,0.00466155584944229,0.01,0.01,0.01,0.01,0.02,0.02,0.01,0.28,234000,1.0819572649572649,1.0,0.46615558494422904,1.0,1.0,1.0,1.0,2.0,2.0,1.0,28.0,234000,705.9662393162394,600.0,605.1775359246082,100.0,104.0,400.0,900.0,1600.0,3072.0,1.0,17527.0,234000,700.3259401709402,566.0,877.3717228266136,36.0,100.0,305.0,857.0,1722.0,2800.0,1.0,30459.0,234000,732.7200856729146,355.30237999999997,1024.3014463653983,3.48785576,20.909277,127.94044775,903.0351605,2733.8027753499973,5037.90211898,0.000383,13588.353062,234000,1.295628205128205,0.0,6.5335547499737014,0.0,0.0,0.0,0.0,5.0,23.0,0.0,271.0,0.9399017094017094
2019-07-30,SYMBOL,AAPL,234000,234000,208.55655621794872,208.24,0.7275979326371104,207.405,207.66,208.02,209.235,209.82,209.995,207.315,210.16,234000,0.015170811965811966,0.01,0.006934560028886313,0.01,0.01,0.01,0.02,0.02,0.03,0.01,0.25,234000,1.5170811965811966,1.0,0.6934560028886312,1.0,1.0,1.0,2.0,2.0,3.0,1.0,25.0,234000,308.5704188034188,238.0,325.7710652182664,10.0,28.0,129.0,424.0,730.0,1345.0,1.0,18650.0,234000,382.8517264957265,269.0,688.2666067192936,7.0,30.0,133.0,429.0,835.0,3376.0500000000466,1.0,17241.0,234000,122.65655057658546,69.759781,164.04209683186,0.42232478,3.4178376999999998,25.8583915,156.54614725000002,408.97935594999956,798.7220968800001,0.000182,2957.583631,234000,5.155987179487179,1.0,14.300421937177973,0.0,0.0,0.0,5.0,24.0,53.0,0.0,1557.0,0.5333376068376069
2019-07-30,SYMBOL,ADBE,234000,234000,304.002773568376,303.865,0.8080476180975562,302.68,302.965,303.38,304.425,305.585,306.415,302.555,307.045,234000,0.09461200854700856,0.08,0.06926771957792073,0.02,0.03,0.06,0.11,0.21,0.43,0.01,0.83,234000,9.461200854700854,8.0,6.926771957792074,2.0,3.0,6.0,11.0,21.0,43.0,1.0,83.0,234000,143.43725641025642,100.0,284.3484295660887,1.0,3.0,56.0,200.0,338.0,506.0,1.0,8687.0,234000,111.1988547008547,100.0,104.81802304961671,1.0,1.0,26.0,150.0,300.0,439.0,1.0,2912.0,234000,625.5970211991367,293.603918,911.2955792995099,2.4623242300000006,15.5547126,99.9540715,760.7145445,2388.8864423499986,4460.395241850008,0.000623,14625.998106,234000,1.0767905982905983,0.0,4.060909986400375,0.0,0.0,0.0,1.0,5.0,19.0,0.0,227.0,0.005589743589743589
2019-07-30,SYMBOL,ADI,234000,234000,120.89685316239317,120.975,0.25144087525421366,120.095,120.33,120.84,121.04,121.165,121.325,119.625,121.385,234000,0.03417333333333333,0.02,0.037125098513376996,0.01,0.01,0.02,0.04,0.09,0.21,0.01,0.52,234000,3.417333333333333,2.0,3.7125098513377,1.0,1.0,2.0,4.0,9.0,21.0,1.0,52.0,234000,153.66999572649573,105.0,106.2203281946861,1.0,5.0,100.0,200.0,346.0,500.0,1.0,5100.0,234000,154.91728205128206,100.0,278.2326082468801,3.0,16.0,100.0,200.0,300.0,500.0,1.0,25131.0,234000,594.9833418274529,267.32370349999997,900.9618677270785,2.3539444300000003,15.066520350000001,95.12375825,690.490262,2346.7026543999987,4514.239058150018,0.000729,10559.248931,234000,1.3695555555555556,0.0,4.50006579456646,0.0,0.0,0.0,1.0,7.0,22.0,0.0,256.0,0.1666923076923077
2019-07-30,SYMBOL,ALXN,234000,234000,114.0848713888889,114.48,1.0443148907380684,111.405,112.005,113.625,114.86,115.21,115.4,110.84,115.575,234000,0.06924346153846155,0.05,0.06088012869587743,0.01,0.02,0.04,0.08,0.16,0.34,0.01,2.26,234000,6.9243461538461535,5.0,6.088012869587743,1.0,2.0,4.0,8.0,16.0,34.0,1.0,226.0,234000,161.03691025641027,110.0,118.71909379962455,1.0,2.0,100.0,200.0,400.0,535.0,1.0,5500.0,234000,166.66633333333334,102.0,177.79770366160366,1.0,3.0,100.0,200.0,400.0,600.0,1.0,4600.0,234000,830.4437781254874,348.0859345,1247.7741999975835,3.1150295100000007,19.20122955,120.43310675,1007.07427575,3294.5836677499988,5975.503523900015,0.000388,15396.02889,234000,0.9264188034188034,0.0,3.498797913560038,0.0,0.0,0.0,0.0,5.0,16.0,0.0,108.0,0.020854700854700856
2019-07-30,SYMBOL,AMAT,234000,234000,50.76001181623932,50.815,0.19893502909535693,50.225,50.415,50.605,50.895,51.015,51.025,49.925,51.045,234000,0.011655,0.01,0.006154008499024922,0.01,0.01,0.01,0.01,0.02,0.04,0.01,0.63,234000,1.1655,1.0,0.6154008499024921,1.0,1.0,1.0,1.0,2.0,4.0,1.0,63.0,234000,644.6723418803418,520.0,519.0196153480703,39.0,100.0,300.0,900.0,1549.0,2200.0,1.0,17351.0,234000,472.4254401709402,400.0,395.38351711188193,10.0,100.0,200.0,600.0,1177.0,1921.0,1.0,14509.0,234000,403.0985891233974,193.371951,616.70445219669,1.48192975,10.790478100000001,70.3699205,468.427858,1521.0425215999999,2949.596058790005,0.000284,11749.591021,234000,1.8227094017094017,0.0,7.4407546852871205,0.0,0.0,0.0,1.0,7.0,32.0,0.0,370.0,0.885059829059829
2019-07-30,SYMBOL,AMD,234000,234000,33.462621645299144,33.465,0.20757327224514052,33.025,33.075,33.335,33.645,33.745,33.855,32.945,33.935,234000,0.010089615384615386,0.01,0.0010789792770300262,0.01,0.01,0.01,0.01,0.01,0.01,0.01,0.07,234000,1.0089615384615385,1.0,0.1078979277030026,1.0,1.0,1.0,1.0,1.0,1.0,1.0,7.0,234000,4970.751854700855,4210.0,3680.3194442412,300.0,736.0,2350.0,6651.25,11650.0,16982.0,1.0,56367.0,234000,5307.683649572649,4301.0,5682.22529593781,240.0,700.0,2500.0,6500.0,11770.0,25340.0,1.0,68938.0,234000,178.22484772967522,97.762051,235.55444151073593,0.7539639100000001,5.2958744,38.229017999999996,225.4812725,614.8309878499998,1158.714863310002,9e-06,3752.097104,234000,3.756897435897436,1.0,13.947730172030692,0.0,0.0,0.0,3.0,13.0,70.0,0.0,892.0,0.9918247863247863
2019-07-30,SYMBOL,AMTD,234000,234000,51.22013602564102,51.215,0.11329498137014235,51.005,51.055,51.135,51.305,51.425,51.455,50.91,51.485,234000,0.012336153846153846,0.01,0.010298457314702756,0.01,0.01,0.01,0.01,0.02,0.05,0.01,0.8,234000,1.2336153846153846,1.0,1.0298457314702758,1.0,1.0,1.0,1.0,2.0,5.0,1.0,80.0,234000,545.9469145299146,500.0,398.95212957149687,100.0,100.0,300.0,700.0,1164.0,1700.0,1.0,7951.0,234000,603.070858974359,500.0,539.3368731633625,46.0,100.0,300.0,779.0,1300.0,2107.0,1.0,9875.0,234000,829.2142745045469,416.9780885,1111.9949593112162,4.5459933,26.12479205,156.6042085,1066.01889025,2992.4032182499977,5162.806162940004,0.000529,16063.329917,234000,0.8918974358974359,0.0,4.271703599883408,0.0,0.0,0.0,0.0,4.0,14.0,0.0,297.0,0.8763504273504273
2019-07-30,SYMBOL,AMZN,234000,234000,1898.7376914529916,1898.245,3.7007654304636586,1891.01,1893.22,1896.325,1900.985,1905.27,1907.55,1883.71,1909.755,234000,0.38985051282051286,0.37,0.1563824157054543,0.13,0.19,0.29,0.47,0.67,0.92,0.01,3.5,234000,38.98505128205128,37.0,15.63824157054543,13.0,19.0,29.0,47.0,67.0,92.0,1.0,350.0,234000,69.94026495726496,75.0,88.17217125357578,1.0,1.0,6.0,100.0,200.0,300.0,1.0,11780.0,234000,74.8271282051282,75.0,71.95332800793126,1.0,1.0,8.0,100.0,200.0,300.0,1.0,2700.0,234000,307.3512678509829,175.84898349999997,397.3824658304636,1.38615556,9.47814115,65.21650375,388.54699300000004,1074.5124184499998,1927.970454630002,0.000152,5823.761558,234000,1.6892777777777779,0.0,10.116882110080422,0.0,0.0,0.0,1.0,7.0,25.0,0.0,1417.0,4.273504273504274e-06
2019-07-30,SYMBOL,ATVI,234000,234000,47.98978566239316,48.055,0.22377089023722083,47.57,47.64,47.765,48.175,48.305,48.335,47.495,48.355,234000,0.013304145299145299,0.01,0.00872370532164314,0.01,0.01,0.01,0.01,0.03,0.06,0.01,0.13,234000,1.33041452991453,1.0,0.8723705321643139,1.0,1.0,1.0,1.0,3.0,6.0,1.0,13.0,234000,480.68300427350425,333.0,513.1977075375275,24.0,100.0,200.0,589.0,1438.0,2221.0,1.0,10600.0,234000,499.6962905982906,392.0,469.76827333631184,41.0,100.0,200.0,629.0,1302.0,2255.0,1.0,14762.0,234000,519.8843299335086,237.7436015,777.8825408153156,2.26398594,14.366717050000002,84.7467445,603.83231,2037.71223205,3797.2558309600013,0.000826,10688.151746,234000,1.4958205128205129,0.0,6.179323150670375,0.0,0.0,0.0,1.0,6.0,27.0,0.0,255.0,0.8028333333333333
2019-07-30,SYMBOL,BYND,234000,234000,200.8558401068376,200.445,5.785728329730692,187.535,191.305,196.695,204.42,211.115,213.36505000000005,183.505,216.795,234000,0.24922662393162393,0.22,0.16484016493598708,0.01,0.03,0.14,0.33,0.55,0.8,0.01,2.92,234000,24.922662393162394,22.0,16.48401649359871,1.0,3.0,14.0,33.0,55.0,80.0,1.0,292.0,234000,252.68253846153846,100.0,512.177250696201,1.0,4.0,80.0,300.0,810.0,2048.0,1.0,16135.0,234000,195.1546282051282,100.0,464.76888303961374,1.0,1.0,40.0,200.0,608.0,1500.0,1.0,39714.0,234000,303.8906420689573,166.857571,399.1444346556612,1.3263807400000003,8.5963683,60.00700075,388.624409,1062.286718049999,1935.064394030003,0.00037,7389.339962,234000,1.5408547008547009,0.0,6.208269220686527,0.0,0.0,0.0,1.0,7.0,20.0,0.0,571.0,0.035235042735042736
2019-07-30,SYMBOL,CMCSA,234000,234000,43.996937713675216,43.975,0.11112250334436992,43.775,43.845,43.915,44.065,44.225,44.255,43.715,44.255,234000,0.010169529914529915,0.01,0.0020713543185118207,0.01,0.01,0.01,0.01,0.01,0.02,0.01,0.19,234000,1.0169529914529916,1.0,0.20713543185118208,1.0,1.0,1.0,1.0,1.0,2.0,1.0,19.0,234000,2242.935512820513,2049.0,1407.2067577353425,200.0,500.0,1253.0,2900.0,4700.0,7410.0,1.0,15971.0,234000,2244.187457264957,1916.0,1504.2831301711851,160.0,408.0,1200.0,2945.0,4800.0,7777.0,1.0,23400.0,234000,403.92538788664956,207.2957955,565.542087773341,1.6401633,10.4067024,75.941931,496.6899745,1464.9733227499999,2757.2781223800025,0.001291,10841.981284,234000,1.8587222222222222,0.0,9.686602856880233,0.0,0.0,0.0,1.0,6.0,26.0,0.0,455.0,0.9889871794871795
2019-07-30,SYMBOL,CRZO,234000,234000,9.71148032051282,9.765,0.24051241723545042,9.315,9.355,9.425,9.935,10.025,10.055,9.245,10.085,234000,0.010440726495726495,0.01,0.0031864148259937363,0.01,0.01,0.01,0.01,0.01,0.02,0.01,0.14,234000,1.0440726495726496,1.0,0.3186414825993736,1.0,1.0,1.0,1.0,1.0,2.0,1.0,14.0,234000,1509.7985299145298,1200.0,1141.8801955888805,100.0,400.0,800.0,1850.0,3558.0,6200.0,1.0,11779.0,234000,1560.9895555555556,1100.0,1503.2110967077372,100.0,303.9500000000007,800.0,1800.0,4526.399999999907,7600.0,3.0,22510.0,234000,1116.2463106122818,468.26964799999996,1657.9476621512372,3.43904344,22.174100950000003,161.31123575,1404.919492,4268.24870545,7845.361113740014,0.000318,24176.363972,234000,1.0542350427350426,0.0,5.954587458057865,0.0,0.0,0.0,0.0,5.0,15.0,0.0,300.0,0.9726709401709401
2019-07-30,SYMBOL,CSCO,234000,234000,56.65603747863248,56.665,0.09941446447037872,56.395,56.435,56.605,56.725,56.795,56.845,56.355,56.9,234000,0.010565726495726496,0.01,0.0044954532279589884,0.01,0.01,0.01,0.01,0.01,0.03,0.01,0.31,234000,1.0565726495726495,1.0,0.4495453227958988,1.0,1.0,1.0,1.0,1.0,3.0,1.0,31.0,234000,1759.8566666666666,1552.0,1252.6089065634255,100.0,300.0,959.0,2254.0,3886.0,5789.0,1.0,18074.0,234000,1683.473658119658,1410.0,1371.1824956326336,100.0,231.0,811.0,2175.0,3927.0,6032.0,1.0,24013.0,234000,298.6078084299573,161.57278300000002,402.41468193069574,1.33115383,9.2395605,59.783198750000004,374.0888895,1059.4382248999993,1987.890769850003,1.5e-05,5956.951413,234000,2.2513034188034187,0.0,9.128277289450187,0.0,0.0,0.0,2.0,9.0,35.0,0.0,459.0,0.9742393162393163
2019-07-30,SYMBOL,CSX,234000,234000,69.88001006410256,69.885,0.2687678098844107,69.125,69.43,69.725,70.115,70.275,70.315,68.905,70.365,234000,0.012703461538461538,0.01,0.010055182000086677,0.01,0.01,0.01,0.01,0.02,0.03,0.01,0.43,234000,1.2703461538461538,1.0,1.0055182000086678,1.0,1.0,1.0,1.0,2.0,3.0,1.0,43.0,234000,334.493452991453,300.0,257.15024128059673,23.0,100.0,200.0,405.0,717.0,1136.0,1.0,10366.0,234000,387.0955683760684,300.0,368.6106046977635,7.0,100.0,200.0,500.0,1000.0,1807.0,1.0,8709.0,234000,588.3921255998204,286.0098765,826.1283237071823,2.331580500000001,15.8089998,99.18574724999999,732.0390435,2201.8054138499997,3892.6730316300095,0.001363,14832.460423,234000,1.3353504273504273,0.0,5.787055209421538,0.0,0.0,0.0,1.0,6.0,27.0,0.0,293.0,0.8003888888888889
2019-07-30,SYMBOL,CTSH,234000,234000,65.33962683760684,65.365,0.10604900922848202,65.115,65.145,65.275,65.405,65.505,65.54,65.085,65.665,234000,0.012844444444444445,0.01,0.007987758150144839,0.01,0.01,0.01,0.01,0.02,0.04,0.01,0.29,234000,1.2844444444444445,1.0,0.798775815014484,1.0,1.0,1.0,1.0,2.0,4.0,1.0,29.0,234000,337.5614700854701,300.0,271.1116092224919,2.0,100.0,200.0,403.0,771.0,1391.0,1.0,4355.0,234000,334.0746752136752,282.0,302.71427167878187,40.0,100.0,142.0,400.0,800.0,1400.0,1.0,10211.0,234000,871.543146501342,391.2176325,1310.9062085760072,3.2760051600000004,19.39720715,129.1365325,1059.02208625,3327.2565757499974,6422.151910670008,0.000146,19144.328879,234000,0.9197863247863248,0.0,4.164792262911644,0.0,0.0,0.0,0.0,4.0,17.0,0.0,155.0,0.7956282051282051
2019-07-30,SYMBOL,DISCA,234000,234000,30.875626452991455,30.85,0.08734100320369265,30.7,30.765,30.815,30.935,31.045,31.085,30.62,31.12,234000,0.011352136752136753,0.01,0.007183503042298894,0.01,0.01,0.01,0.01,0.02,0.04,0.01,0.58,234000,1.1352136752136752,1.0,0.7183503042298894,1.0,1.0,1.0,1.0,2.0,4.0,1.0,58.0,234000,972.2324444444445,736.0,1958.9598981301017,100.0,150.0,415.0,1163.0,1895.0,2800.0,1.0,29884.0,234000,918.0045641025641,700.0,878.9507342006088,93.0,100.0,400.0,1159.0,2351.0,5182.0,1.0,7894.0,234000,905.1868939114701,441.310945,1245.9114070381424,4.1745918,23.416243,159.4589935,1151.60072,3324.3584750499986,5902.517954250002,3e-05,17216.490253,234000,1.1067222222222222,0.0,6.367648727082553,0.0,0.0,0.0,0.0,5.0,17.0,0.0,291.0,0.9204743589743589
2019-07-30,SYMBOL,DLTR,234000,234000,102.48776205128205,102.58,0.4425516874685324,101.32,101.625,102.375,102.705,103.125,103.545,101.225,104.375,234000,0.031330683760683764,0.02,0.030683537247059592,0.01,0.01,0.02,0.04,0.07,0.17,0.01,1.97,234000,3.133068376068376,2.0,3.0683537247059594,1.0,1.0,2.0,4.0,7.0,17.0,1.0,197.0,234000,197.01026923076924,169.0,185.6276779709313,2.0,20.0,100.0,250.0,500.0,720.0,1.0,5256.0,234000,188.37768376068377,151.0,133.54644125976455,1.0,22.0,100.0,236.0,431.0,647.0,1.0,1705.0,234000,1122.8584613998332,442.23476900000003,1727.4259402908885,4.12532108,22.2092588,140.04730125,1374.2125732499999,4492.009651699996,8388.066948120004,0.001474,22230.841766,234000,0.9277564102564102,0.0,3.8476202692459767,0.0,0.0,0.0,0.0,5.0,16.0,0.0,167.0,0.1874957264957265
2019-07-30,SYMBOL,EA,234000,234000,87.88903452991454,88.1,0.6227124703539101,86.43,86.745,87.405,88.42,88.72,88.93,86.21,89.005,234000,0.0331557264957265,0.03,0.02997886606441522,0.01,0.01,0.02,0.04,0.08,0.16,0.01,0.43,234000,3.3155726495726494,3.0,2.9978866064415217,1.0,1.0,2.0,4.0,8.0,16.0,1.0,43.0,234000,261.1405726495727,200.0,211.77710708084433,1.0,20.0,100.0,310.0,600.0,1064.0,1.0,5100.0,234000,244.35276495726495,200.0,213.798636503612,4.0,46.0,100.0,300.0,594.0,908.0,1.0,4131.0,234000,719.3490123429872,326.671135,1048.9653716771684,3.1086010600000002,19.633018500000006,117.7377025,881.9131025,2766.809684399999,4996.419262960003,0.001526,16715.813348,234000,1.033957264957265,0.0,3.9889398840231514,0.0,0.0,0.0,0.0,5.0,19.0,0.0,200.0,0.11744444444444445
2019-07-30,SYMBOL,EBAY,234000,234000,41.35745138888889,41.365,0.0592086814608064,41.215,41.245,41.325,41.395,41.455,41.485,41.08,41.495,234000,0.010600555555555556,0.01,0.004021055744701392,0.01,0.01,0.01,0.01,0.01,0.03,0.01,0.19,234000,1.0600555555555555,1.0,0.4021055744701392,1.0,1.0,1.0,1.0,1.0,3.0,1.0,19.0,234000,1481.8129700854702,1300.0,951.517422293215,100.0,300.0,825.0,1900.0,3200.0,4741.0,1.0,13841.0,234000,1093.539547008547,815.0,920.1019189170064,100.0,200.0,500.0,1385.0,2854.0,4500.0,1.0,18864.0,234000,496.03313339761536,245.9972335,706.2202414784933,2.1175826300000007,14.192772000000001,88.53316325,600.07289025,1846.5022417999992,3442.5814887100105,0.000142,9931.807519,234000,1.59091452991453,0.0,7.723980181670556,0.0,0.0,0.0,1.0,7.0,21.0,0.0,343.0,0.9653376068376068
2019-07-30,SYMBOL,ETFC,234000,234000,48.62375912393161,48.625,0.09609840604804311,48.465,48.485,48.555,48.665,48.855,48.885,48.44,49.845,234000,0.013250470085470084,0.01,0.011497731501660436,0.01,0.01,0.01,0.01,0.03,0.05,0.01,2.41,234000,1.3250470085470085,1.0,1.1497731501660435,1.0,1.0,1.0,1.0,3.0,5.0,1.0,241.0,234000,347.02090598290596,259.0,416.24720324751337,5.0,100.0,136.0,415.0,819.0,1296.0,1.0,5858.0,234000,382.4003418803419,300.0,338.6458276761028,17.0,100.0,200.0,500.0,983.0,1683.0,1.0,4999.0,234000,778.6249811178802,359.281409,1202.6846191773966,3.3967190400000007,21.0105055,128.4291915,938.8774322500001,2909.9184781999984,5552.353241810013,0.000975,24667.984407,234000,0.9385299145299145,0.0,4.268883657620613,0.0,0.0,0.0,0.0,4.0,15.0,0.0,231.0,0.7891196581196581
2019-07-30,SYMBOL,FB,234000,234000,197.13257764957265,197.21,0.7437962986294545,194.92,195.425,196.815,197.595,198.31,198.62,193.545,198.715,234000,0.02031564102564103,0.02,0.011937198423371442,0.01,0.01,0.01,0.02,0.04,0.06,0.01,0.51,234000,2.0315641025641025,2.0,1.1937198423371445,1.0,1.0,1.0,2.0,4.0,6.0,1.0,51.0,234000,222.06124358974358,200.0,243.0035648506642,6.0,14.0,100.0,315.0,521.0,952.0,1.0,9297.0,234000,172.33283333333333,118.0,312.8206231976946,1.0,12.0,27.0,218.0,424.0,970.0400000000373,1.0,14670.0,234000,195.46905425598717,103.8551075,280.0911837982941,0.7272099700000001,5.3840903,37.3916205,236.15286675,698.9061185999998,1409.3440493200046,6.9e-05,4461.048008,234000,3.274991452991453,0.0,9.841892344799078,0.0,0.0,0.0,3.0,16.0,42.0,0.0,1289.0,0.3182136752136752
2019-07-30,SYMBOL,FISV,234000,234000,103.85345500000001,103.875,0.1961203515825973,103.425,103.545,103.695,104.025,104.115,104.175,102.815,104.22,234000,0.015956581196581197,0.01,0.015828478257744888,0.01,0.01,0.01,0.02,0.03,0.09,0.01,0.72,234000,1.5956581196581197,1.0,1.5828478257744887,1.0,1.0,1.0,2.0,3.0,9.0,1.0,72.0,234000,410.90762393162396,300.0,378.3701050306697,21.0,100.0,139.0,500.0,1200.0,1759.0,1.0,3700.0,234000,428.08328632478634,345.0,385.1746125250528,36.0,100.0,200.0,600.0,954.0,1617.0,1.0,14800.0,234000,603.0205814417436,323.04298300000005,794.5506622872274,2.79333722,16.22971115,109.31126075,775.05685275,2150.334750599998,3814.3719850800235,0.000498,10783.012905,234000,1.612457264957265,0.0,6.973212883443538,0.0,0.0,0.0,0.0,7.0,33.0,0.0,481.0,0.6550213675213675
2019-07-30,SYMBOL,FITB,234000,234000,29.786116324786324,29.795,0.0508529482820955,29.595,29.695,29.765,29.815,29.845,29.865,29.285,29.885,234000,0.010515897435897434,0.01,0.005251108322440568,0.01,0.01,0.01,0.01,0.01,0.02,0.01,0.9,234000,1.0515897435897437,1.0,0.5251108322440567,1.0,1.0,1.0,1.0,1.0,2.0,1.0,90.0,234000,2343.3740598290597,2200.0,1464.1593516697008,100.0,300.0,1354.0,3012.0,4900.0,7125.0,3.0,19980.0,234000,1746.6896196581197,1620.0,1135.2463596605708,100.0,216.0,900.0,2345.0,3800.0,5145.0,5.0,17195.0,234000,573.7882910644872,293.1356305,862.7590569216229,2.98648148,16.813121300000002,106.346728,686.7615295,2085.5010087999995,3992.4353583000043,0.000605,20159.451019,234000,1.274982905982906,0.0,6.735281297923754,0.0,0.0,0.0,0.0,5.0,16.0,0.0,500.0,0.9756923076923077
2019-07-30,SYMBOL,GILD,234000,234000,67.18704066239316,67.235,0.17068490439205364,66.715,66.865,67.095,67.305,67.405,67.49,66.665,68.035,234000,0.014914658119658121,0.01,0.010748486526855809,0.01,0.01,0.01,0.02,0.03,0.06,0.01,0.47,234000,1.491465811965812,1.0,1.0748486526855807,1.0,1.0,1.0,2.0,3.0,6.0,1.0,47.0,234000,411.8256923076923,300.0,416.70871933683424,2.0,100.0,200.0,500.0,1053.0,2372.0,1.0,5858.0,234000,541.0402179487179,401.0,517.5494807343888,1.0,100.0,201.0,700.0,1306.0,2401.0,1.0,8726.0,234000,519.9855841918333,268.9875585,693.4676079197096,2.19532146,14.83086995,97.6920155,651.1122022500001,1916.0054987999988,3291.823506430001,0.000916,8149.057575,234000,1.3451880341880342,0.0,5.427848908606362,0.0,0.0,0.0,1.0,6.0,25.0,0.0,267.0,0.6897863247863247
2019-07-30,SYMBOL,GOOG,234000,234000,1228.5654403846152,1228.55,1.8599132185498648,1224.08495,1225.815,1227.225,1229.59,1232.16,1232.955,1223.32,1234.545,234000,0.4538790598290599,0.42,0.20336197920839208,0.14,0.2,0.32,0.54,0.81,1.2,0.01,2.32,234000,45.387905982905984,42.0,20.336197920839208,14.0,20.0,32.0,54.0,81.0,120.0,1.0,232.0,234000,107.34094871794872,100.0,105.8829985553472,1.0,3.0,10.0,200.0,300.0,400.0,1.0,4300.0,234000,73.36152136752136,100.0,82.26230492284314,1.0,1.0,3.0,100.0,203.0,305.0,1.0,2082.0,234000,307.5749554375599,140.72191450000003,472.5496019172924,0.43003677,3.7503345,42.187771250000004,373.52407275,1178.7951236999975,2294.158116270001,0.000133,7938.632968,234000,3.2985042735042733,0.0,9.332471244873462,0.0,0.0,0.0,2.0,17.0,43.0,0.0,288.0,4.273504273504274e-06
2019-07-30,SYMBOL,GOOGL,234000,234000,1230.857519465812,1230.85,1.8758489076805749,1226.35,1228.06,1229.515,1231.765,1234.58,1235.33,1225.1,1236.625,234000,0.44501286324786327,0.41,0.19483429647811673,0.15,0.2,0.32,0.52,0.82,1.15,0.01,2.77,234000,44.50128632478633,41.0,19.483429647811672,15.0,20.0,32.0,52.0,82.0,115.0,1.0,277.0,234000,74.2975170940171,80.0,80.41024687979906,1.0,1.0,3.0,101.0,204.0,303.0,1.0,1416.0,234000,64.14596581196581,30.0,83.22466352308905,1.0,1.0,3.0,100.0,200.0,300.0,1.0,1020.0,234000,398.5450201787094,181.933162,613.6915047343708,0.52465374,4.69810215,50.7262565,485.28767125,1529.292235699998,3014.091901080002,6e-06,9526.868689,234000,2.7968333333333333,0.0,8.627598503390681,0.0,0.0,0.0,2.0,14.0,39.0,0.0,362.0,4.273504273504274e-06
2019-07-30,SYMBOL,INTC,234000,234000,51.998211175213676,51.995,0.11642141628478996,51.745,51.815,51.925,52.085,52.205,52.255,51.565,52.315,234000,0.010168162393162395,0.01,0.001760543221021087,0.01,0.01,0.01,0.01,0.01,0.02,0.01,0.21,234000,1.0168162393162392,1.0,0.17605432210210867,1.0,1.0,1.0,1.0,1.0,2.0,1.0,21.0,234000,2003.7739401709403,1802.0,1545.449410672419,112.0,330.0,1015.0,2626.0,4152.0,6536.0,1.0,96911.0,234000,2431.344658119658,1986.0,3043.7316803807244,100.0,300.0,1049.0,2905.0,4926.0,25162.0,1.0,29762.0,234000,222.68634876734188,116.2377575,308.92757229009794,0.8745730400000001,6.4198502,43.416331,278.42583275000004,795.0028232999998,1506.2451643500006,0.000211,5352.656211,234000,3.4040897435897435,0.0,14.282177266248382,0.0,0.0,0.0,2.0,11.0,65.0,0.0,749.0,0.986059829059829
2019-07-30,SYMBOL,KHC,234000,234000,31.62993427350427,31.625,0.11539551190465724,31.375,31.435,31.555,31.735,31.795,31.845,31.315,31.855,234000,0.010794444444444445,0.01,0.004275817041126104,0.01,0.01,0.01,0.01,0.02,0.03,0.01,0.13,234000,1.0794444444444444,1.0,0.4275817041126104,1.0,1.0,1.0,1.0,2.0,3.0,1.0,13.0,234000,1110.8822222222223,905.0,918.0853840913293,83.0,174.0,500.0,1401.0,2700.0,4399.0,1.0,10469.0,234000,1302.2827222222222,1143.0,867.4232862410731,100.0,201.0,690.0,1755.0,2953.0,3926.0,1.0,17586.0,234000,726.495081422342,379.699278,974.8051816596111,2.7749803,21.25521235,135.37930875,923.71691575,2620.4368778999997,4627.325546330002,0.000217,14395.64087,234000,1.0813247863247863,0.0,5.651564464401596,0.0,0.0,0.0,0.0,5.0,15.0,0.0,330.0,0.9498547008547008
2019-07-30,SYMBOL,LRCX,234000,234000,211.0701613247863,211.305,1.017869459306545,208.49,209.415,210.2,211.895,212.415,212.635,207.55,212.72,234000,0.1079908547008547,0.09,0.06830772773462801,0.03,0.04,0.06,0.13,0.24,0.37,0.01,1.8,234000,10.79908547008547,9.0,6.830772773462801,3.0,4.0,6.0,13.0,24.0,37.0,1.0,180.0,234000,91.72823076923076,100.0,77.02107035925653,1.0,1.0,21.0,103.0,221.0,325.0,1.0,1498.0,234000,126.78975213675214,100.0,98.44730592125121,1.0,1.0,75.0,200.0,302.0,427.0,1.0,1191.0,234000,738.9702809838975,338.4726935,1119.0170093665024,2.8674579000000002,17.616471049999998,112.952257,891.55807225,2805.1809439999997,5482.258589820007,0.000526,17253.281786,234000,0.9616923076923077,0.0,3.763738807376741,0.0,0.0,0.0,0.0,5.0,16.0,0.0,324.0,0.000576923076923077
2019-07-30,SYMBOL,MAT,234000,234000,14.418078824786326,14.415,0.054303196767037966,14.29,14.32,14.385,14.445,14.515,14.525,14.245,14.535,234000,0.010880042735042736,0.01,0.005510325646627997,0.01,0.01,0.01,0.01,0.01,0.03,0.01,0.14,234000,1.0880042735042734,1.0,0.5510325646627996,1.0,1.0,1.0,1.0,1.0,3.0,1.0,14.0,234000,1917.2347179487178,1752.0,1402.874919140621,100.0,200.0,998.0,2583.5,4187.0,6000.0,1.0,27017.0,234000,1712.8191196581197,1300.0,1764.2098084405643,100.0,200.0,701.0,2188.0,3906.0,11678.120000000112,1.0,18935.0,234000,960.2676034915213,474.880412,1312.444097912627,4.593581960000002,28.08777905,174.51404675,1219.4992095,3517.6223537499995,6133.573044540004,0.000789,19470.28088,234000,0.9729529914529914,0.0,6.59774286374722,0.0,0.0,0.0,0.0,4.0,13.0,0.0,576.0,0.9505641025641025
2019-07-30,SYMBOL,MCHP,234000,234000,96.64166876068376,96.535,0.31082003838163186,96.09,96.23,96.4,96.89,97.205,97.32,95.95,97.36,234000,0.0343765811965812,0.03,0.030788928775477405,0.01,0.01,0.02,0.04,0.09,0.18,0.01,0.49,234000,3.4376581196581197,3.0,3.0788928775477404,1.0,1.0,2.0,4.0,9.0,18.0,1.0,49.0,234000,191.46943162393163,200.0,133.07204840349144,3.0,26.0,100.0,235.0,405.0,615.0,1.0,4200.0,234000,186.76322222222223,144.0,141.1942364157287,5.0,52.0,100.0,208.0,434.0,642.0,1.0,3523.0,234000,849.327394410077,374.328257,1322.6024226554982,3.5424053200000003,21.10746715,129.479742,1017.68248675,3231.2746626,6419.518307790004,0.000399,21003.597707,234000,0.9615170940170941,0.0,3.6209985714043436,0.0,0.0,0.0,0.0,5.0,16.0,0.0,177.0,0.130008547008547
2019-07-30,SYMBOL,MDLZ,234000,234000,54.98521059829061,54.995,0.08500819211676826,54.785,54.835,54.945,55.045,55.105,55.2,54.725,55.275,234000,0.011226752136752137,0.01,0.009082370219717053,0.01,0.01,0.01,0.01,0.01,0.05,0.01,0.57,234000,1.1226752136752136,1.0,0.9082370219717051,1.0,1.0,1.0,1.0,1.0,5.0,1.0,57.0,234000,979.1892521367521,842.0,799.0156642934659,96.0,178.0,500.0,1285.0,2103.0,3776.0,1.0,12461.0,234000,938.1066495726495,801.0,780.3549441313921,100.0,200.0,500.0,1200.0,1950.0,2888.0,1.0,27982.0,234000,505.4417392987436,271.405427,681.2662539663944,2.76756054,14.17468515,99.534582,631.3185845,1797.0653485499993,3311.653533340005,0.000187,9526.368046,234000,1.320051282051282,0.0,6.5846344305963465,0.0,0.0,0.0,1.0,5.0,21.0,0.0,273.0,0.9531965811965812
2019-07-30,SYMBOL,MRVL,234000,234000,26.884652521367524,26.875,0.07312771564612466,26.715,26.755,26.845,26.945,27.005,27.045,26.685,27.085,234000,0.010222564102564103,0.01,0.0021543173732153846,0.01,0.01,0.01,0.01,0.01,0.02,0.01,0.1,234000,1.0222564102564102,1.0,0.2154317373215384,1.0,1.0,1.0,1.0,1.0,2.0,1.0,10.0,234000,2331.697611111111,2169.0,1582.866209924294,171.0,500.0,1389.0,2910.0,4455.0,9741.0,5.0,20000.0,234000,2277.4189316239317,2000.0,1475.5359774662352,124.0,400.0,1300.0,2941.0,5195.0,7342.0,1.0,20204.0,234000,533.421975077124,284.2634925,721.5535551960555,2.6620518500000006,17.009487699999998,103.04226249999999,659.19349975,1933.7199300999982,3509.4397834000097,4.7e-05,10496.205731,234000,1.560059829059829,0.0,7.8356246829269915,0.0,0.0,0.0,0.0,7.0,22.0,0.0,384.0,0.9844487179487179
2019-07-30,SYMBOL,MSFT,234000,234000,140.65176012820513,140.615,0.242151699763742,140.085,140.28,140.48,140.865,141.065,141.14,139.83,141.215,234000,0.012378119658119658,0.01,0.005272672562950596,0.01,0.01,0.01,0.01,0.02,0.03,0.01,0.38,234000,1.2378119658119657,1.0,0.5272672562950597,1.0,1.0,1.0,1.0,2.0,3.0,1.0,38.0,234000,635.098735042735,500.0,817.034321779337,5.0,100.0,300.0,800.0,1510.0,2334.0,1.0,19900.0,234000,564.5797863247864,500.0,457.4557455040338,5.0,100.0,288.0,800.0,1231.0,1800.0,1.0,14188.0,234000,121.65722899622222,69.61524349999999,161.3471233947341,0.45185895000000004,3.3699539,26.20109875,154.82588900000002,408.82419509999994,788.9186321400007,0.000171,2780.701871,234000,5.056726495726496,1.0,13.942667927398082,0.0,0.0,0.0,4.0,20.0,67.0,0.0,1059.0,0.7840854700854701
2019-07-30,SYMBOL,MU,234000,234000,47.176966709401704,47.165,0.3068144908196396,46.585,46.745,46.895,47.455,47.635,47.655,46.2,47.675,234000,0.010306923076923076,0.01,0.0020733979332775336,0.01,0.01,0.01,0.01,0.01,0.02,0.01,0.21,234000,1.0306923076923078,1.0,0.20733979332775337,1.0,1.0,1.0,1.0,1.0,2.0,1.0,21.0,234000,1706.5516538461538,1466.0,1398.4283835816746,100.0,284.0,804.0,2300.0,3800.0,5920.0,1.0,49100.0,234000,2039.5735213675214,1700.0,1896.6875753487882,100.0,286.0,903.0,2553.0,5020.0,8072.0,1.0,39624.0,234000,165.49133802379063,90.238077,228.31105336350777,0.64579105,4.729806750000001,33.17931075,206.69836225,573.3349542499977,1099.829882770001,2.8e-05,3914.853548,234000,4.923346153846154,1.0,16.451570303317162,0.0,0.0,0.0,4.0,18.0,86.0,0.0,1196.0,0.9731239316239316
2019-07-30,SYMBOL,NFLX,234000,234000,325.51994224358975,325.28,1.2830006907972813,323.44,323.635,324.515,326.465,327.89,328.435,323.23,329.55,234000,0.0964150854700855,0.08,0.0579278795044171,0.02,0.04,0.06,0.11,0.19,0.31010000000009313,0.01,0.87,234000,9.641508547008547,8.0,5.79278795044171,2.0,4.0,6.0,11.0,19.0,31.010000000009313,1.0,87.0,234000,147.0751581196581,100.0,238.99469902268018,1.0,2.0,60.0,200.0,400.0,900.0,1.0,5589.0,234000,150.08686324786325,100.0,245.40136050171213,1.0,1.0,100.0,200.0,311.0,615.0,1.0,5001.0,234000,379.40185000429915,197.27176450000002,530.473086969239,1.5840036000000002,10.27907745,72.73783125,454.088646,1399.6210707,2521.5112140300007,0.000142,9312.715142,234000,1.4999615384615386,0.0,6.499975098351421,0.0,0.0,0.0,1.0,6.0,24.0,0.0,900.0,0.0015982905982905983
2019-07-30,SYMBOL,NVDA,234000,234000,174.54221284188034,174.845,0.9517492365747378,172.675,172.875,173.835,175.26,175.79,175.86,172.385,175.92,234000,0.04509534188034189,0.04,0.027092198305351485,0.01,0.02,0.03,0.05,0.1,0.15,0.01,0.68,234000,4.509534188034188,4.0,2.7092198305351483,1.0,2.0,3.0,5.0,10.0,15.0,1.0,68.0,234000,223.68739743589742,200.0,198.8348842519761,1.0,12.0,100.0,300.0,487.0,791.0,1.0,3887.0,234000,219.26125213675215,200.0,228.58825926869727,1.0,9.0,100.0,293.0,470.0,934.0,1.0,14486.0,234000,278.9966037893547,141.3953925,414.7104828372366,1.13885511,7.831884450000001,53.79774975,324.43260625,1053.8617180999986,2115.0707410600007,0.000267,5370.577476,234000,2.1912393162393164,0.0,7.722840384338776,0.0,0.0,0.0,2.0,10.0,32.0,0.0,987.0,0.028756410256410257
2019-07-30,SYMBOL,NWL,234000,234000,14.425301581196582,14.475,0.21192097561501333,14.085,14.135,14.175,14.615,14.725,14.765,14.055,14.785,234000,0.010674017094017094,0.01,0.005326567180904641,0.01,0.01,0.01,0.01,0.01,0.02,0.01,0.21,234000,1.0674017094017094,1.0,0.5326567180904641,1.0,1.0,1.0,1.0,1.0,2.0,1.0,21.0,234000,1542.1473376068377,1105.0,1597.1492759243538,100.0,200.0,615.0,1850.0,5142.0,7404.0,1.0,52820.0,234000,1413.0267735042735,1000.0,1758.845864930003,100.0,200.0,600.0,1600.0,3882.0,7455.0,1.0,22705.0,234000,741.2718350150172,370.3353525,1015.4946873020677,3.5324038000000004,22.436866650000002,136.13780225,928.5807609999999,2728.3993258499963,4806.800521270005,0.000216,15615.505051,234000,1.2779316239316239,0.0,7.402692175666994,0.0,0.0,0.0,0.0,5.0,20.0,0.0,490.0,0.9643034188034189
2019-07-30,SYMBOL,NXPI,234000,234000,104.64402008547009,104.82,0.9312870721152138,101.745,102.845,104.075,105.26,105.785,105.965,101.18,106.255,234000,0.04678307692307693,0.04,0.04229280402239183,0.01,0.01,0.02,0.05,0.12,0.21,0.01,0.65,234000,4.678307692307692,4.0,4.229280402239183,1.0,1.0,2.0,5.0,12.0,21.0,1.0,65.0,234000,263.57126068376067,200.0,210.32863900105534,5.0,39.0,100.0,333.0,638.0,1000.0,1.0,4460.0,234000,256.93041880341883,200.0,206.79864731946438,2.0,23.0,100.0,335.0,612.0,1000.0,1.0,4766.0,234000,1011.2357600928162,433.3286695,1477.7860625523056,4.0397289800000005,25.440291550000005,156.5885335,1272.6411585,3866.2464285499964,7146.658692550005,0.000599,17191.365448,234000,0.9281752136752137,0.0,4.116479693782278,0.0,0.0,0.0,0.0,5.0,19.0,0.0,227.0,0.08898717948717949
2019-07-30,SYMBOL,ON,234000,234000,22.055588162393168,22.085,0.14285195937992692,21.775,21.825,21.915,22.185,22.24,22.265,21.51,22.295,234000,0.010870769230769232,0.01,0.0062763330568555206,0.01,0.01,0.01,0.01,0.02,0.02,0.01,0.62,234000,1.087076923076923,1.0,0.6276333056855521,1.0,1.0,1.0,1.0,2.0,2.0,1.0,62.0,234000,1628.5226752136753,1347.0,1270.3115092673102,100.0,200.0,717.0,2200.0,3908.0,6189.110000000102,1.0,15692.0,234000,1572.1300897435897,1100.0,1607.96466719711,100.0,200.0,601.0,1900.0,4852.0,7418.0,1.0,17800.0,234000,541.486649996282,265.20744549999995,808.315606057844,2.111943900000001,13.4366701,94.359014,646.94093925,2000.7961159,3910.3107396300084,0.000232,12709.812783,234000,1.4517222222222221,0.0,6.886035672258949,0.0,0.0,0.0,1.0,7.0,19.0,0.0,623.0,0.9374615384615385
2019-07-30,SYMBOL,PAYX,234000,234000,86.4847283974359,86.55,0.21879526622900392,85.93,86.02,86.315,86.665,86.685,86.725,85.8,86.735,234000,0.015361752136752135,0.01,0.017934841627088673,0.01,0.01,0.01,0.02,0.04,0.06,0.01,0.75,234000,1.5361752136752136,1.0,1.793484162708867,1.0,1.0,1.0,2.0,4.0,6.0,1.0,75.0,234000,2743.1579615384617,400.0,6739.793901124977,25.0,100.0,200.0,804.0,19300.0,32083.0,1.0,38625.0,234000,448.8646324786325,319.0,432.2949677095465,22.0,100.0,200.0,583.0,1198.0,2016.0,1.0,20149.0,234000,725.4541669022137,348.85697500000003,1039.6429931776559,3.055062930000001,18.49923115,118.733384,900.590526,2712.1287622999994,4912.131776450006,0.000212,17101.618122,234000,1.06241452991453,0.0,4.427327258507087,0.0,0.0,0.0,0.0,5.0,18.0,0.0,238.0,0.7342008547008547
2019-07-30,SYMBOL,PEP,234000,234000,131.1416125,131.145,0.36792516023741967,130.415,130.5,130.92,131.41,131.795,131.95,130.235,132.075,234000,0.01826448717948718,0.01,0.018908760736905277,0.01,0.01,0.01,0.02,0.04,0.11,0.01,1.07,234000,1.8264487179487179,1.0,1.890876073690527,1.0,1.0,1.0,2.0,4.0,11.0,1.0,107.0,234000,265.614594017094,200.0,200.75879794939777,1.0,69.0,101.0,332.0,600.0,928.0,1.0,9812.0,234000,242.37872222222222,200.0,191.1291981324505,1.0,70.0,100.0,300.0,592.0,800.0,1.0,4603.0,234000,420.6411384619444,197.1584755,634.5262813687011,1.9108027600000002,11.177464950000001,71.27746499999999,479.24073050000004,1624.3980653999988,3063.477840870002,0.000495,9763.353687,234000,1.6601581196581197,0.0,5.087323627221126,0.0,0.0,0.0,1.0,8.0,26.0,0.0,190.0,0.5244871794871795
2019-07-30,SYMBOL,PTEN,234000,234000,11.110613568376069,11.015,0.29090188565250963,10.325,10.725,10.895,11.395,11.495,11.515,9.66,11.555,234000,0.010461666666666668,0.01,0.006589835988756544,0.01,0.01,0.01,0.01,0.01,0.02,0.01,1.0,234000,1.0461666666666667,1.0,0.6589835988756542,1.0,1.0,1.0,1.0,1.0,2.0,1.0,100.0,234000,1779.1626923076924,1300.0,2660.359150390147,100.0,200.0,703.0,2100.0,3900.0,12201.0,1.0,65295.0,234000,1941.0971410256411,1400.0,2360.7568984830127,100.0,287.0,800.0,2264.0,5033.449999999662,11072.0,1.0,48728.0,234000,574.8190744103932,297.98814749999997,818.667122082396,2.806027920000001,17.1633619,110.16807850000001,696.98794375,2080.11599025,3973.52498307,0.000358,14878.819591,234000,1.4932991452991453,0.0,7.763866494964723,0.0,0.0,0.0,0.0,6.0,24.0,0.0,514.0,0.9744059829059829
2019-07-30,SYMBOL,PYPL,234000,234000,111.7241467948718,111.765,0.348436736681196,109.92,111.315,111.6,111.925,112.105,112.185,108.79,112.295,234000,0.015922222222222223,0.01,0.01194118904808996,0.01,0.01,0.01,0.02,0.03,0.07,0.01,0.59,234000,1.5922222222222222,1.0,1.194118904808996,1.0,1.0,1.0,2.0,3.0,7.0,1.0,59.0,234000,285.4199188034188,200.0,289.724917750142,10.0,100.0,100.0,365.0,700.0,1289.0,1.0,9331.0,234000,271.13786324786327,200.0,357.12517526402536,1.0,35.0,100.0,307.0,651.0,1169.0,1.0,6030.0,234000,328.80391202167095,166.63581,480.95886630971006,1.2669219,9.2428978,62.03625225,388.47839775,1238.7907236999995,2349.40525287,0.00052,7581.916825,234000,2.1883589743589744,0.0,6.8146343058592285,0.0,0.0,0.0,2.0,9.0,35.0,0.0,327.0,0.6441794871794871
2019-07-30,SYMBOL,QCOM,234000,234000,74.82927606837607,74.835,0.11401029182680801,74.515,74.615,74.77,74.905,74.995,75.035,74.355,75.065,234000,0.011424102564102563,0.01,0.006247485337745767,0.01,0.01,0.01,0.01,0.02,0.04,0.01,0.3,234000,1.1424102564102565,1.0,0.6247485337745765,1.0,1.0,1.0,1.0,2.0,4.0,1.0,30.0,234000,675.181547008547,541.0,500.4991919909509,100.0,120.0,333.0,828.0,1700.0,2415.0,1.0,6218.0,234000,433.9954145299145,400.0,289.67850198383655,10.0,100.0,202.0,585.0,926.0,1310.0,1.0,4900.0,234000,395.986882912953,209.58857749999999,536.8517662522939,0.61098536,10.724666,78.5434015,484.31793875,1439.6766910499996,2593.8330296000004,1.2e-05,7180.529168,234000,2.3719358974358973,0.0,11.133557164020065,0.0,0.0,0.0,1.0,8.0,54.0,0.0,723.0,0.9137777777777778
2019-07-30,SYMBOL,ROKU,234000,234000,105.76826452991452,105.825,0.49584462295911996,104.26995,104.785,105.59,106.09,106.4,106.64,102.44,106.73,234000,0.06228914529914532,0.05,0.04431776092866992,0.01,0.02,0.04,0.07,0.13,0.25,0.01,0.75,234000,6.22891452991453,5.0,4.431776092866992,1.0,2.0,4.0,7.0,13.0,25.0,1.0,75.0,234000,138.9205641025641,100.0,270.16526481165465,1.0,3.0,24.0,200.0,400.0,633.0,1.0,20100.0,234000,151.10602136752138,100.0,575.3985878043371,1.0,3.0,30.0,130.0,336.0,1100.0,1.0,20101.0,234000,928.9112613477564,361.441016,1498.7906618794977,3.6576464000000004,19.561858950000005,125.9349715,1093.11082625,3722.0835618499973,7255.178109050001,9.3e-05,20015.336766,234000,1.1246752136752136,0.0,4.761171924467206,0.0,0.0,0.0,0.0,5.0,22.0,0.0,221.0,0.012923076923076923
2019-07-30,SYMBOL,ROST,234000,234000,106.15490138888889,106.205,0.21177699980285106,105.565,105.7,106.1,106.3,106.405,106.445,105.48,110.145,234000,0.038278846153846156,0.03,0.058189870889557016,0.01,0.01,0.02,0.04,0.11,0.17,0.01,7.93,234000,3.8278846153846153,3.0,5.818987088955701,1.0,1.0,2.0,4.0,11.0,17.0,1.0,793.0,234000,187.91363675213674,151.0,151.2393882840616,4.0,10.0,100.0,256.0,463.0,695.0,1.0,3300.0,234000,198.75502564102564,134.0,216.58604893283226,1.0,20.0,100.0,225.0,500.0,1299.0,1.0,3021.0,234000,1059.1446956279958,452.45155,1574.0743326864656,4.35199068,22.109981450000003,151.09911825,1306.9020742500002,4088.4203220499994,7782.831000970012,0.000229,18776.359148,234000,0.8774316239316239,0.0,3.6097627871452738,0.0,0.0,0.0,0.0,5.0,15.0,0.0,287.0,0.14417948717948717
2019-07-30,SYMBOL,SBUX,234000,234000,97.19819833333332,97.055,0.39227146464589513,96.585,96.635,96.925,97.615,97.895,98.0,96.525,98.28,234000,0.01255931623931624,0.01,0.007144039332370918,0.01,0.01,0.01,0.01,0.02,0.05,0.01,0.2,234000,1.2559316239316238,1.0,0.7144039332370916,1.0,1.0,1.0,1.0,2.0,5.0,1.0,20.0,234000,526.9548974358975,400.0,733.2664208215236,43.0,100.0,200.0,600.0,1295.0,2777.0,1.0,23358.0,234000,468.0991239316239,400.0,396.8380233423258,20.0,100.0,200.0,600.0,1109.0,1708.0,1.0,5885.0,234000,364.42456454781626,183.09509250000002,511.0031760712636,1.7597487100000002,10.750035850000002,68.40292074999999,438.99542175,1375.9935126,2501.964360440007,0.000105,6104.037337,234000,1.9182051282051282,0.0,7.687060817017173,0.0,0.0,0.0,2.0,7.0,34.0,0.0,334.0,0.8196581196581196
2019-07-30,SYMBOL,SSNC,234000,234000,49.61329051282051,49.985,0.9854330407361164,47.265,47.565,49.645,50.13,50.63,50.775,47.01,50.925,234000,0.03304504273504274,0.02,0.03611215845974949,0.01,0.01,0.01,0.04,0.09,0.16,0.01,0.95,234000,3.3045042735042736,2.0,3.6112158459749493,1.0,1.0,1.0,4.0,9.0,16.0,1.0,95.0,234000,425.97531196581195,200.0,691.3207641736766,10.0,100.0,100.0,447.0,1465.0,2838.0,1.0,10384.0,234000,403.03794017094015,300.0,481.0923410794777,5.0,100.0,150.0,500.0,1100.0,2501.0,1.0,29070.0,234000,727.138429779688,374.426315,1005.4876134298543,1.7463388300000007,18.54359825,130.10809175,911.14457675,2627.8996831999993,4925.608194470003,7.8e-05,13181.00805,234000,1.0266111111111111,0.0,4.658045603700511,0.0,0.0,0.0,0.0,4.0,22.0,0.0,259.0,0.3308846153846154
2019-07-30,SYMBOL,STLD,234000,234000,32.43231200854701,32.515,0.22033860771217248,32.005,32.03,32.295,32.575,32.765,32.825,31.965,32.865,234000,0.01436931623931624,0.01,0.014912328701439206,0.01,0.01,0.01,0.01,0.03,0.07,0.01,0.4,234000,1.4369316239316239,1.0,1.4912328701439206,1.0,1.0,1.0,1.0,3.0,7.0,1.0,40.0,234000,487.7145982905983,400.0,543.6642539624547,50.0,100.0,200.0,620.0,1101.0,1643.0,1.0,11636.0,234000,450.3884273504274,300.0,503.9907439954029,20.0,100.0,200.0,510.0,1258.0,2200.0,1.0,5803.0,234000,1007.4304336509358,462.163591,1369.1480704167168,5.502818990000001,29.6903333,173.14145025,1296.34065625,3793.460338499999,6465.859572930003,0.000216,14780.880616,234000,0.8853504273504273,0.0,4.225214318996997,0.0,0.0,0.0,0.0,5.0,14.0,0.0,256.0,0.8011752136752137
2019-07-30,SYMBOL,TER,234000,234000,57.209744893162394,57.255,0.3042996428305408,56.265,56.625,57.035,57.45,57.585,57.655,55.695,57.695,234000,0.019967820512820512,0.01,0.022628925003710186,0.01,0.01,0.01,0.02,0.05,0.13,0.01,0.56,234000,1.9967820512820513,1.0,2.2628925003710187,1.0,1.0,1.0,2.0,5.0,13.0,1.0,56.0,234000,280.5485128205128,215.0,192.26485481667962,36.0,100.0,143.0,400.0,600.0,873.0,1.0,8900.0,234000,277.73934615384616,201.0,402.2386113979092,10.0,100.0,110.0,321.0,600.0,1000.0,1.0,10663.0,234000,1024.3081918980984,442.1502245,1491.6635490939725,4.982000830000001,29.083012450000002,161.83971775,1274.3807172499999,3949.26882085,7382.104996380001,0.000203,19108.414798,234000,1.0975641025641025,0.0,5.061233687831601,0.0,0.0,0.0,0.0,5.0,22.0,0.0,275.0,0.5591282051282052
2019-07-30,SYMBOL,TMUS,234000,234000,81.68918038461538,81.795,0.30741399783601114,81.105,81.175,81.4,81.945,82.065,82.22,81.035,82.435,234000,0.015556153846153846,0.01,0.016444245681478068,0.01,0.01,0.01,0.02,0.03,0.07,0.01,1.47,234000,1.5556153846153846,1.0,1.644424568147807,1.0,1.0,1.0,2.0,3.0,7.0,1.0,147.0,234000,286.2709358974359,200.0,277.0714915961707,5.0,100.0,100.0,310.0,774.0,1522.0,1.0,5200.0,234000,329.7137478632479,205.0,416.54801131646826,5.0,45.0,105.0,383.0,950.0,2210.0,1.0,6600.0,234000,521.098620996423,249.6263285,767.9211152213544,2.0804158100000003,14.006312250000002,91.75834325,610.7283315,1987.0904861999993,3692.0877747100044,8.9e-05,10903.368813,234000,1.4642222222222223,0.0,5.953131011368581,0.0,0.0,0.0,1.0,6.0,26.0,0.0,351.0,0.6419230769230769
2019-07-30,SYMBOL,TSLA,234000,234000,239.97115294871796,239.705,2.0111628532027215,233.56995,236.095,239.17,241.785,242.585,242.99,232.24,243.345,234000,0.08813786324786325,0.08,0.04746283499967674,0.02,0.03950000000000728,0.06,0.11,0.17,0.26,0.01,0.98,234000,8.813786324786324,8.0,4.746283499967674,2.0,3.9500000000007276,6.0,11.0,17.0,26.0,1.0,98.0,234000,174.32321367521368,126.0,158.56752836832382,1.0,7.0,100.0,200.0,400.0,700.0,1.0,8424.0,234000,222.68394444444445,170.0,561.3552540264312,1.0,4.0,82.0,250.0,477.0,1159.0,1.0,11242.0,234000,313.1981638664872,173.4755675,418.8380719800995,1.63313089,9.929348300000004,66.52005399999999,383.61440825,1122.3710161999998,2067.8980537900015,3.8e-05,5881.740421,234000,1.8503846153846153,0.0,8.533184288717091,0.0,0.0,0.0,1.0,8.0,30.0,0.0,1057.0,0.0022307692307692306
2019-07-30,SYMBOL,TXN,234000,234000,128.20831188034185,128.14,0.35965502827295087,127.61,127.7,127.905,128.565,128.775,128.885,127.49,128.96,234000,0.02049777777777778,0.02,0.018296180722682704,0.01,0.01,0.01,0.02,0.05,0.09,0.01,0.45,234000,2.049777777777778,2.0,1.8296180722682704,1.0,1.0,1.0,2.0,5.0,9.0,1.0,45.0,234000,195.9650982905983,178.0,168.7253380041195,1.0,2.0,100.0,246.0,477.0,811.0,1.0,4563.0,234000,223.85273504273505,200.0,176.86051833008156,1.0,50.0,100.0,300.0,526.0,724.0,1.0,5117.0,234000,402.5951985340599,197.316543,593.7252916038096,1.67838481,10.756191500000002,72.67611124999999,467.76887,1515.1262931999997,2830.605706400001,0.000279,11394.909704,234000,1.7541282051282052,0.0,5.5335606349850535,0.0,0.0,0.0,1.0,8.0,29.0,0.0,270.0,0.4641794871794872
2019-07-30,SYMBOL,WBA,234000,234000,55.24649478632479,55.265,0.20014077801766006,54.715,54.79,55.11,55.385,55.515,55.555,54.62,55.64,234000,0.013765641025641024,0.01,0.011894588519463794,0.01,0.01,0.01,0.01,0.03,0.06,0.01,0.21,234000,1.3765641025641027,1.0,1.1894588519463791,1.0,1.0,1.0,1.0,3.0,6.0,1.0,21.0,234000,421.080405982906,304.0,382.45296087739126,20.0,100.0,200.0,532.0,1105.0,1815.0,1.0,4984.0,234000,524.2368846153846,327.0,677.0157981360635,10.0,100.0,200.0,610.0,1671.0,2971.0,1.0,9388.0,234000,648.0067430477649,299.065588,949.0097863207654,2.67744099,16.036120750000002,104.125108,784.43455825,2473.855346299997,4664.659816359999,0.000215,11789.114124,234000,1.164094017094017,0.0,5.3217283351539,0.0,0.0,0.0,0.0,5.0,19.0,0.0,241.0,0.8005213675213675
2019-07-30,SYMBOL,WDC,234000,234000,56.118301965811966,56.045,0.4915791680211522,55.225,55.39,55.615,56.6,56.765,56.785,54.905,56.815,234000,0.015642991452991452,0.01,0.012106931348726481,0.01,0.01,0.01,0.02,0.04,0.06,0.01,0.16,234000,1.5642991452991453,1.0,1.210693134872648,1.0,1.0,1.0,2.0,4.0,6.0,1.0,16.0,234000,344.16032905982905,300.0,240.62012084499125,8.0,100.0,200.0,446.0,800.0,1200.0,1.0,3814.0,234000,341.72219658119656,257.0,398.4304067206373,14.0,100.0,155.0,400.0,824.0,1449.0,1.0,6470.0,234000,607.3502301011067,276.4811905,885.6062806169733,2.5787033400000015,15.7778065,97.14905200000001,726.5642270000001,2370.8873382499964,4327.28382395002,9e-06,10196.276372,234000,1.3146752136752138,0.0,5.372363622020567,0.0,0.0,0.0,1.0,6.0,26.0,0.0,228.0,0.7046367521367521
2019-07-30,SYMBOL,XEL,234000,234000,60.71434923076924,60.675,0.30948493523246073,60.255,60.325,60.415,60.995,61.215,61.295,60.225,61.315,234000,0.011537350427350426,0.01,0.009121365159804365,0.01,0.01,0.01,0.01,0.02,0.04,0.01,0.99,234000,1.1537350427350428,1.0,0.9121365159804363,1.0,1.0,1.0,1.0,2.0,4.0,1.0,99.0,234000,502.88257264957264,500.0,314.9748546773513,30.0,100.0,300.0,676.0,1010.0,1575.0,1.0,4407.0,234000,556.8649829059829,500.0,326.6170222935718,93.0,100.0,300.0,710.0,1100.0,1505.0,1.0,14986.0,234000,529.5351517264744,237.2937195,867.430398504318,2.3168835500000005,14.0498416,86.88093125,595.122752,2072.0469868999994,3996.8406389800057,8.4e-05,21694.400161,234000,1.522371794871795,0.0,6.213375938590033,0.0,0.0,0.0,1.0,6.0,28.0,0.0,331.0,0.9116324786324786
2019-07-30,SYMBOL,XLNX,234000,234000,119.86807326923076,119.89,0.44783384841493584,119.055,119.13,119.505,120.12,120.71,120.935,118.97,121.05,234000,0.03853747863247863,0.03,0.02940183186485185,0.01,0.01,0.02,0.05,0.07,0.15,0.01,1.09,234000,3.8537478632478632,3.0,2.9401831864851853,1.0,1.0,2.0,5.0,7.0,15.0,1.0,109.0,234000,153.33883760683761,100.0,242.06347058253115,1.0,5.0,100.0,200.0,350.0,518.0,1.0,10367.0,234000,185.1448418803419,168.0,175.73464179576976,1.0,43.0,100.0,202.0,400.0,544.0300000000279,1.0,3999.0,234000,669.377820646983,278.789292,1098.6029570496212,2.0653648600000003,8.831092199999999,95.60124775,771.83732025,2648.149300349999,5378.749274990006,2.7e-05,16402.561426,234000,1.2960341880341881,0.0,4.774287396393488,0.0,0.0,0.0,1.0,6.0,23.0,0.0,182.0,0.056337606837606836
2019-07-30,SYMBOL,ZION,234000,234000,44.95511194444445,45.065,0.3020663239185032,44.37,44.435,44.64,45.195,45.325,45.395,44.3,45.485,234000,0.01482705128205128,0.01,0.011865222749393113,0.01,0.01,0.01,0.02,0.04,0.06,0.01,1.64,234000,1.4827051282051282,1.0,1.1865222749393112,1.0,1.0,1.0,2.0,4.0,6.0,1.0,164.0,234000,408.6261752136752,300.0,334.1431967993955,3.0,100.0,120.0,600.0,1043.0,1400.0,1.0,2970.0,234000,372.380094017094,300.0,308.2998099201457,6.0,100.0,200.0,500.0,910.0,1587.0,1.0,7425.0,234000,506.0331377914188,199.53564,858.7515988260042,1.9244531200000004,12.203844850000001,68.98323025,550.778569,2071.8926098999987,4058.9781960100013,0.000385,17329.993601,234000,1.5225897435897435,0.0,4.734770912368519,0.0,0.0,0.0,2.0,6.0,19.0,0.0,180.0,0.7356752136752137
